db_rowid,original,formatted_variant,suggested_reference,similarity_score
133,Б-Починковская,ул. Б-Починковская,Б.Починковская,92.86
192,пр. Героев 36,пр-кт Героев 36,пр-кт Героев,80.0
641,Б Юбилейный,ул. Б Юбилейный,Б. Юбилейный,95.65
779,Шимборскоко,ул. Шимборскоко,Шимборского,90.91
852,ул.Грина,ул. Грина,Грунина,83.33
906,Н-Безрукова,ул. Н-Безрукова,Н.Безрукова,90.91
954,Парашютстов,ул. Парашютстов,Парашютистов,95.65
1074,Энгелься,ул. Энгелься,Энгельса,87.5
1429,бл.Юбилейный,ул. Бл.Юбилейный,Б.Юбилейный,95.65
1499,С-Пески,ул. С-Пески,Н-Пески,85.71
1522,Просторная,ул. Просторная,Прожекторная,81.82
1613,50-лет Октября,ул. 50-лет Октября,50 лет Октября,92.86
1698,Б.Юбилеиный,ул. Б.Юбилеиный,Б.Юбилейный,90.91
1766,Земледенческая,ул. Земледенческая,Земледельческая,89.66
1910,50 Лет Победы,ул. 50 Лет Победы,50 Летия Победы,92.86
2012,Васюнина,ул. Васюнина,Адм.Васюнина,80.0
2249,ул.Бр.Заречный,ул. Бр.Заречный,Б.Заречный,95.24
2250,улюНогина,ул. УлюНогина,Ногина,80.0
2289,Сходненская,ул. Сходненская,Гродненская,81.82
2350,ул.Гагарина пр,пр-кт Ул.Гагарина,пр.Гагарина,84.21
2389,2-ая  Экономическая,ул. 2-ая Экономическая,1-ая Экономическая,94.44
2432,Джамбулов,ул. Джамбулов,Джамбула,82.35
2464,ул.Сормовское шоссе,ул. Сормовское шоссе,ул.Московское шоссе,81.25
2519,ул.пр Союзный,пр-кт Ул. Союзный,ул.пр.Союзный,95.24
2541,ул.пр.Героев,пр-кт Ул.Героев,пр-кт Героев,80.0
2593,ул. Гордеевская 62,ул. Гордеевская 62,Гордеевская,88.0
2620,Арджиникидзе,ул. Арджиникидзе,Орджоникидзе,83.33
2654,40 Лет Октября,ул. 40 Лет Октября,40 лет Октября,92.86
2661,50 лет победы,ул. 50 лет победы,50 летия победы,92.86
2691,ул.Московское щоссе,ул. Московское щоссе,ул.Московское шоссе,93.75
2717,2-я Комсомольская,ул. 2-я Комсомольская,1-я Комсомольская,94.12
2928,пер.Райнисова,пер. Райнисова,пер.Райниса,87.5
3026,Евг.Мечникова,ул. Евг.Мечникова,Мечникова,81.82
3048,Прт Юбилейный,ул. Прт Юбилейный,Юбилейный,81.82
3121,Бристская,ул. Бристская,Брестская,88.89
3122,ул.Пр.Героев,пр-кт Ул.Героев,пр-кт Героев,80.0
3125,ул.Пер.Союзный,ул. Пер.Союзный,просп.Союзный,83.33
3201,ул.пр. Союзный,пр-кт Ул. Союзный,ул.пр.Союзный,95.24
3556,Мокшинская,ул. Мокшинская,Минская,82.35
3630,Ген.Марилова,ул. Ген.Марилова,Ген.Маргелова,88.0
4020,Сосногорская,ул. Сосногорская,Красногорская,80.0
4191,"Дубравная,10 линия","ул. Дубравная,10 линия",Дубравная 10 линия,94.44
4268,пр.Высоковский,пр-кт Высоковский,Пр-д Высоковский,91.67
4474,Магаданская,ул. Магаданская,Таганская,80.0
4533,Шюльная,ул. Шюльная,Школьная,80.0
4765,Остовского,ул. Остовского,Островского,95.24
5143,Васиоия Иванова,ул. Васиоия Иванова,Василия Иванова,93.33
5670,Римского Корсакого,ул. Римского Корсакого,Римского-Корсакого,94.44
6017,Орждоникидзе,ул. Орждоникидзе,Орджоникидзе,91.67
6080,"Дубравная,8 линия","ул. Дубравная,8 линия",Дубравная 8 линия,94.12
6156,Радионова,ул. Радионова,Родионова,88.89
6531,Березняковская,ул. Березняковская,Березовская,88.0
6718,Радиальная,ул. Радиальная,Раздольная,80.0
7023,Свелоярская,ул. Свелоярская,Светлоярская,95.65
7038,Ватрапшонка,ул. Ватрапшонка,Ватракшонка,90.91
7206,Еремова,ул. Еремова,Ефремова,93.33
7413,2-ая линия,ул. 2-ая линия,2-я линия,94.74
7439,Кв.Дружба,ул. Кв.Дружба,кв-л Дружба,80.0
7737,Октюбинская,ул. Октюбинская,Актюбинская,90.91
8080,Хохлова,ул. Хохлова,А.Хохлова,87.5
8298,Октябрьской рев.,ул. Октябрьской рев,Октябрьской революции,83.33
8315,Дъяконова,ул. Дъяконова,Дяконова,94.12
8417,Рим Корсакова,ул. Рим Корсакова,Р. Корсакова,88.0
8527,Меяникова,ул. Меяникова,Мечникова,88.89
8597,1-я рязанская,ул. 1-я рязанская,1-я Рязанка,83.33
8615,Портовая,ул. Портовая,Почтовая,87.5
8680,Павловская,ул. Павловская,Пановская,84.21
8689,Гордееевская,ул. Гордееевская,Гордеевская,95.65
9236,Панфилолвцев,ул. Панфилолвцев,Панфиловцев,95.65
9401,Самочкина,ул. Самочкина,Гер.Самочкина,81.82
9542,А Нахимова,ул. А Нахимова,Нахимова,88.89
9630,Крутнова,ул. Крутнова,Крупнова,87.5
9827,Чайкиной,ул. Чайкиной,Л.Чайкиной,88.89
10042,"Дубравная, 6-я линия","ул. Дубравная, 6-я линия",Дубравная 6 линия,91.89
10148,Островского 6\2,ул. Островского 6\2,Островского,84.62
10167,Ломовская,ул. Ломовская,Сормовская,84.21
10175,Верхнепечорская,ул. Верхнепечорская,Верхнепечерская,93.33
10338,прт.Ленина,ул. Прт.Ленина,прЛенина,88.89
10517,ЕВГ.Никонова,ул. ЕВГ.Никонова,Е.Никонова,90.91
10717,Московское щоссе,ул. Московское щоссе,ул.Московское шоссе,93.75
10721,Коминтера,ул. Коминтера,Коминтерна,94.74
11035,Дубравная 1-линия,ул. Дубравная 1-линия,Дубравная 1 линия,94.12
11168,Дм.Палова,ул. Дм.Палова,Дм.Павлова,94.74
11305,Павла Мачалова,ул. Павла Мачалова,Павла Мочалова,92.86
11371,Б-Дружин,ул. Б-Дружин,Б.Дружин,87.5
11566,Перевертника,ул. Перевертника,Переверткина,83.33
11756,Нов.Пески,ул. Нов.Пески,Н.Пески,87.5
11838,Н.пески,ул. Н.пески,Н.Пески,85.71
11989,ЕВГ.Мирошникова,ул. ЕВГ.Мирошникова,Е.Мирошникова,92.86
12067,Панетная,ул. Панетная,Планетная,94.12
12069,Академ. Баха,ул. Академ. Баха,Акад.Баха,85.71
12241,Комиссаровка,ул. Комиссаровка,Комарова,80.0
12447,Старовского,ул. Старовского,Отровского,85.71
12515,2-линия,ул. 2-линия,2-я линия,87.5
12693,Н-Волжская наб.,наб. Н-Волжская,Волжская Набережная,88.89
12768,Платова,ул. Платова,Филатова,80.0
12952,Нов.-Прибоя,ул. Нов.-Прибоя,Нов.Прибоя,95.24
13062,1-я Красноармейская,ул. 1-я Красноармейская,Красноармейская,88.24
13347,В.-Печерская,ул. В.-Печерская,В.Печерская,95.65
13416,Красных щорь,ул. Красных щорь,Красных Зорь,91.67
13564,Льва Толстова,ул. Льва Толстова,Льва Толстого,84.62
14038,Лесноя,ул. Лесноя,Лесная,83.33
14063,Б.Пружин,ул. Б.Пружин,Б.Дружин,87.5
14082,Турловская,ул. Турловская,Орловская,84.21
14224,Л.Безрукова,ул. Л.Безрукова,Н.Безрукова,90.91
14302,2 Мик-он,ул. 2 Мик-он,2 мик-он,87.5
14335,Двинская,ул. Двинская,Минская,80.0
14540,Судостроителеная,ул. Судостроителеная,Судостроительная,93.75
14664,Гвардейдев,ул. Гвардейдев,Гвардейцев,90.0
14706,Зломова,ул. Зломова,Заломова,93.33
14739,2 мик-н,ул. 2 мик-н,2 мик-он,93.33
14938,Зимина,ул. Зимина,Г.Зимина,85.71
14945,Покровка,ул. Покровка,Б.Покровская,80.0
15011,пер.Водайбинский,пер. Водайбинский,пер.Бодайбинский,91.67
15178,Ореховская,ул. Ореховская,Орловская,84.21
15218,Бресцкая,ул. Бресцкая,Брестская,82.35
15294,Красноуралысая,ул. Красноуралысая,Красноуральская,89.66
15385,Раманова,ул. Раманова,Рахманинова,84.21
15453,Сергеевна,ул. Сергеевна,Сергеевка,88.89
15491,пер.Кошельный,пер. Кошельный,пер.Котельный,88.89
15538,Гер.Давыдова,ул. Гер.Давыдова,Г.Давыдова,90.91
15544,В.революции,ул. В.революции,В.Революции,90.91
15597,Ивана чугурина,ул. Ивана чугурина,Ивана Чугурина,92.86
16529,Сткденческая,ул. Сткденческая,Студенческая,91.67
16580,Римсгого-Корсакова,ул. Римсгого-Корсакова,Римского-Корсакова,94.44
16710,Андронова,ул. Андронова,Андропова,88.89
16991,Романа пискунова,ул. Романа пискунова,Романа Пискунова,93.75
17165,Ждановка,ул. Ждановка,Жданова,93.33
17294,Новая Стробка,ул. Новая Стробка,Новая Стройка,92.31
17332,Новгородская,ул. Новгородская,Богородская,86.96
17364,пр.Дзержинчкого,пр-кт Дзержинчкого,пр.Дзержинского,91.67
17462,Маргелова,ул. Маргелова,Ген.Маргелова,81.82
17534,линия 25,ул. Линия 25,Линия 2-я,82.35
17744,Гео.Космоса,ул. Гео.Космоса,Гер.Космоса,90.91
17975,Эндроновская,ул. Эндроновская,Эпроновская,86.96
18008,Победна,ул. Победна,Победная,93.33
18123,Социолистическая,ул. Социолистическая,Социалистическая,93.75
18151,Б.Кузнечиха,ул. Б.Кузнечиха,дер.Кузнечиха,83.33
18331,пер.Сиалелитейный,пер. Сиалелитейный,пер.Сталелитейный,92.31
18421,Долбухина,ул. Долбухина,Толбухина,88.89
18572,Б.Корниловка,ул. Б.Корниловка,Б.Корнилова,95.65
18638,пр кт Молодежный,пр-кт Кт Молодежный,пр-кт Молодежный,86.96
18746,Бумажниково,ул. Бумажниково,Бумажников,95.24
18801,Надежда Сусловой,ул. Надежда Сусловой,Надежды Сусловой,93.75
18802,Им. Сергея акимова,ул. Им. Сергея акимова,Им. Сергея Акимова,94.44
18843,Ген.Марчелова,ул. Ген.Марчелова,Ген.Маргелова,92.31
18916,Шабарова,ул. Шабарова,Шагарова,87.5
19244,пер.Мельничный,пер. Мельничный,пер.Больничный,80.0
19296,пос.Новое доскино,пос. Новое доскино,п.Новое Доскино,92.31
19389,"сл.Верхне-Печерская,проезд4","ул. Сл.Верхне-Печерская,проезд4",Сл.Верхне-Печерская,82.61
19503,Дубравная 7 лин.,ул. Дубравная 7 лин,Дубравная 7 линия,93.75
19695,Кубанева,ул. Кубанева,Куманева,87.5
19741,пр-т Лен.Комсомола,пр-кт Т Лен.Комсомола,пр.Лен.Комсомола,92.86
19789,Кловская,ул. Кловская,Ковская,93.33
20101,Гагарина пр-т,пр-кт Гагарина -т,пр.Гагарина,84.21
20153,Красные зори,ул. Красные зори,Красные Зори,91.67
20210,Волжск. Рейд,ул. Волжск. Рейд,Волжский рейд,80.0
20312,Слюдянская,ул. Слюдянская,Славянская,80.0
20755,Лемной городок,ул. Лемной городок,Лесной городок,92.86
21010,Советской армии,ул. Советской армии,Советской Армии,93.33
21413,Железнодорожная 2-я,ул. Железнодорожная 2-я,Железнодорожная 1-я,94.74
21570,Борисова,ул. Борисова,Боровая,80.0
21616,Дубровская,ул. Дубровская,Фубровская,90.0
21844,Волжск.Набережная,наб. Волжск,Волжская Набережная,85.71
21895,Рачкова,ул. Рачкова,Рыбакова,80.0
21897,Г.Кошелева,ул. Г.Кошелева,Кошелева,88.89
21995,Дубравная 4-я линия,ул. Дубравная 4-я линия,Дубравная 4 линия,94.44
22305,60 летия Октября,ул. 60 летия Октября,60-летия Октября,93.75
22572,Тераспольская,ул. Тераспольская,Тираспольская,92.31
22809,Г.Люксембург,ул. Г.Люксембург,Р.Люксембург,91.67
22822,Матроская,ул. Матроская,Матросская,94.74
22830,Ф.Васильева,ул. Ф.Васильева,Г.Васильева,90.91
23611,Черепичный,ул. Черепичный,Черепичная,80.0
23614,б-рЮбелейный,ул. Б-рЮбелейный,Б-Юбилейный,86.96
23813,Коминтена,ул. Коминтена,Коминтерна,94.74
23845,"ДМ, Павлова","ул. ДМ, Павлова",Дм Павлова,85.71
23878,114,ул. 114,11,80.0
23883,Парпшютистов,ул. Парпшютистов,Парашютистов,91.67
23950,2 Зеленая,ул. 2 Зеленая,1 Зеленая,88.89
23988,Полиндровая,ул. Полиндровая,Цилиндровая,81.82
24011,В.Волжская набережная,наб. В.Волжская,Волжская Набережная,88.89
24081,Светлоярскя,ул. Светлоярскя,Светлоярская,95.65
24082,Н.Гасстселло,ул. Н.Гасстселло,Н.Гастелло,90.91
24105,Цилковского,ул. Цилковского,Циолковского,95.65
24133,Архнгелская,ул. Архнгелская,Архангельская,91.67
24152,Стрелочная,ул. Стрелочная,Стрелковая,80.0
24157,102,ул. 102,10,80.0
24282,Ф. энгельса,ул. Ф. энгельса,Ф. Энгельса,90.91
24292,ДМ. Павлова,ул. ДМ. Павлова,Дм. Павлова,90.91
24373,Моторный пер.2,пер. Моторный 2,пер.Моторный,88.89
24435,Поюшева,ул. Поюшева,Поющева,85.71
24600,Орджаникидзе,ул. Орджаникидзе,Орджоникидзе,91.67
24603,Щербинки1- мкр,мкр. Щербинки1,Щербинки-1 мкр,94.74
24720,Академика Чазова,ул. Академика Чазова,Академика Павлова,84.85
24753,Свелая,ул. Свелая,Светлая,92.31
24888,Меднолетейная,ул. Меднолетейная,Меднолитейная,92.31
25108,Ж-Дорожная,ул. Ж-Дорожная,Дорожная,88.89
25140,Ген. Самочкина,ул. Ген. Самочкина,Гер.Самочкина,88.89
25336,Лушкина,ул. Лушкина,Пушкина,85.71
25364,Ген.Земина,ул. Ген.Земина,Ген.Зимина,90.0
25399,Энгельса24,ул. Энгельса24,Энгельса,88.89
25446,Энгнльса,ул. Энгнльса,Энгельса,87.5
25556,Напольно-Выстовочная,ул. Напольно-Выстовочная,Напольно-Выставочная,95.0
25767,Адм.Масарова,ул. Адм.Масарова,Адм.Макарова,91.67
25988,Генер. Ивлиева,ул. Генер. Ивлиева,Ген. Ивлиева,92.31
26024,пер.Первостроительный,пер. Первостроительный,пер.Первостроителей,87.5
26113,Заречная 78,ул. Заречная 78,Заречная,84.21
26155,б. Юбелейный,ул. Б. Юбелейный,Б.Юбелейный,95.65
26165,Им.Комарова,ул. Им.Комарова,Комарова,84.21
26200,Октябрская,ул. Октябрская,Октябрьская,95.24
26230,Централья,ул. Централья,Центральная,90.0
26332,Землячка,ул. Землячка,Землячки,87.5
26386,пр.Ильина,пр-кт Ильина,пр.Ильича,83.33
26478,Дубравная4линия,ул. Дубравная4линия,Дубравная 4 линия,93.75
26707,Культура,ул. Культура,Культуры,87.5
26727,пр -тЛенина,пр-кт ТЛенина,пр-т Ленина,93.33
26747,ДмюПавлова,ул. ДмюПавлова,Дм.Павлова,90.0
26889,1 е Мая,ул. 1 е Мая,1е Мая,92.31
26978,Вожская,ул. Вожская,Волжская,93.33
26990,Ст Канава,ул. Ст Канава,Ст.Канава,88.89
27006,Б-р Юбилеейный,б-р Юбилеейный,Юбилейный б-р,94.74
27068,Мигурина,ул. Мигурина,Мичурина,87.5
27082,Верхияя,ул. Верхияя,Верхняя,85.71
27116,СНТ Сокол сад,СНТ Сокол сад,снт Сокол сад 1,90.0
27117,Ильчича пр.,пр-кт Ильчича,пр.Ильича,92.31
27213,Делегацкая,ул. Делегацкая,Делегатская,85.71
27263,2- линия,ул. 2- линия,2-я линия,94.12
27265,1ая Железнодорожная,ул. 1ая Железнодорожная,Железнодорожная,88.24
27344,Автомиханическая,ул. Автомиханическая,Автомеханическая,93.75
27377,О. Кошевого,ул. О. Кошевого,О.Кошевого,95.24
27523,Толоконцевский,ул. Толоконцевский,Толоконцево,80.0
27617,Б- Покровская,ул. Б- Покровская,Б.Покровская,88.0
27812,Типличная,ул. Типличная,Тепличная,88.89
27911,Ломаносова,ул. Ломаносова,Ломоносова,90.0
27933,А.Люкина,ул. А.Люкина,А. Люкина,94.12
28060,Киреевская,ул. Киреевская,Киевская,88.89
28084,Вож. Революции,ул. Вож. Революции,В. Революции,92.31
28179,Мировская,ул. Мировская,Кировская,88.89
28214,Леснова,ул. Леснова,Лескова,85.71
28219,пер 1- октябрьский,пер. 1- октябрьский,пер.Октябрьский,80.0
28250,м.Седова,ул. М.Седова,Седова,85.71
28283,Комсмомогльская,ул. Комсмомогльская,Комсомольская,92.86
28430,Лебедева-кумача,ул. Лебедева-кумача,Лебедева-Кумача,93.33
28541,Рубинччика,ул. Рубинччика,Рубинчика,94.74
28662,Покровского,ул. Покровского,Воровского,85.71
28759,2 -Линия,ул. 2 -Линия,2 Линия,93.33
28812,Мнчникова,ул. Мнчникова,Мечникова,88.89
29111,Понова,ул. Понова,Попова,83.33
29191,Березовская96,ул. Березовская96,Березовская,91.67
29197,Осипнко,ул. Осипнко,Осипенко,93.33
29284,Рябцова,ул. Рябцова,Рябцева,85.71
29286,б.починковская,ул. Б.починковская,Б.Починковская,92.86
29386,Московское шоосе,ул. Московское шоосе,ул.Московское шоссе,93.75
29400,Мокрусова,ул. Мокрусова,Мокроусова,94.74
29585,Чаадаевва,ул. Чаадаевва,Чаадаева,94.12
29617,Рим. Корсакова,ул. Рим. Корсакова,Р. Корсакова,92.31
29657,Б. Советская,ул. Б. Советская,Советская,85.71
29666,Чаапаева,ул. Чаапаева,Чапаева,93.33
29668,Харенко,ул. Харенко,Харенка,85.71
29743,50- летиеПобеды,ул. 50- летиеПобеды,50-летие Победы,93.33
29761,2-й мик-он,ул. 2-й мик-он,2 мик-он,88.89
30021,Береховская,ул. Береховская,Березовская,90.91
30041,Юбилейныйб-р,ул. Юбилейныйб-р,Юбелейныйб-р,91.67
30108,Б.60-лет Октября,ул. Б.60-лет Октября,60лет Октября,89.66
30247,Ст Производственников,ул. Ст Производственников,Ст.Производственников,95.24
30397,пр Дзержиского,пр-кт Дзержиского,пр.Дзержинского,95.65
30430,Максима горького,ул. Максима горького,Максима Горького,93.75
30705,Люкна,ул. Люкна,Люкина,90.91
30711,пер. Комчатский,пер. Комчатский,пер.Камчатский,90.0
30875,Днепровская,ул. Днепровская,Деповская,90.0
30910,8-марта,ул. 8-марта,8марта,92.31
31167,Афанасьево,ул. Афанасьево,Афанасьева,90.0
31545,11а,ул. 11а,11,80.0
31564,Судостроильная,ул. Судостроильная,Судостроительная,93.33
31583,Льнозаводская,ул. Льнозаводская,Лесозаводская,84.62
31732,Бурнаковский пр.,пр-кт Бурнаковский,пр-д Бурнаковский,92.31
31830,Б. Юбелейный,ул. Б. Юбелейный,Б.Юбелейный,95.65
31860,Огрородная,ул. Огрородная,Огородная,94.74
31977,Ярморочный пр.,пр-кт Ярморочный,Ярморочный пр-д,86.96
32032,Дпргомыжского,ул. Дпргомыжского,Даргомыжского,92.31
32033,М. Каазакова,ул. М. Каазакова,М. Казакова,95.65
32062,ПланетнаЯ,ул. ПланетнаЯ,Планетная,88.89
32093,Глеба Успнгского,ул. Глеба Успнгского,Глеба Успенского,93.75
32096,Лубянскаая,ул. Лубянскаая,Лубянская,94.74
32130,Щербинки,ул. Щербинки,Щербинки-1,88.89
32153,162,ул. 162,16,80.0
32179,бПанина,ул. БПанина,Б.Панина,93.33
32393,Кечасово,ул. Кечасово,Кечасова,87.5
32448,Вождей Ркволюции,ул. Вождей Ркволюции,Вождей Революции,93.75
32653,Г.Попова,ул. Г.Попова,Гер.Попова,88.89
32671,Евг. Мерошникова,ул. Евг. Мерошникова,Евг. Мирошникова,93.75
32684,А.- Вавилова,ул. А.- Вавилова,А. Вавилова,95.65
32762,Уванова,ул. Уванова,Иванова,85.71
32763,Волжская 16,ул. Волжская 16,Волжская,84.21
32869,Крминтерна,ул. Крминтерна,Коминтерна,90.0
33061,Ивановна,ул. Ивановна,Иванова,93.33
33124,Трафяная,ул. Трафяная,Травяная,87.5
33297,с.Разина,ул. С.Разина,Ст.Разина,94.12
33352,Ккльтуры,ул. Ккльтуры,Культуры,87.5
33465,Б- Бруевича,ул. Б- Бруевича,Бонч-Бруевича,83.33
33469,1го Мая,ул. 1го Мая,1 Мая,83.33
33483,Як Петрова,ул. Як Петрова,Петрова,82.35
33532,гер Попова,ул. Гер Попова,гер. Попова,95.24
33573,Горшечная,ул. Горшечная,Горочная,82.35
33676,Крсаных зорь,ул. Крсаных зорь,Красных зорь,91.67
33734,Ив Чугурина,ул. Ив Чугурина,Ив. Чугурина,95.65
33802,герКосмоса,ул. ГерКосмоса,Гер.Космоса,95.24
33828,Марш. Казакова,ул. Марш. Казакова,М. Казакова,88.0
34078,Федосееенко,ул. Федосееенко,Федосеенко,95.24
34177,Березовсеая,ул. Березовсеая,Березовская,90.91
34265,Иванова василия,ул. Иванова василия,Иванова Василия,93.33
34417,Маршала Чуйкова,ул. Маршала Чуйкова,Маршала Жукова,89.66
34566,Н. Линия,ул. Н. Линия,2 Линия,80.0
34658,Дубравная 11 л,ул. Дубравная 11 л,Дубравная 11 линия,87.5
34666,Шутова,ул. Шутова,Бутова,83.33
34803,Станисловская,ул. Станисловская,Стахановская,80.0
34921,Голована,ул. Голована,Голованова,88.89
34949,Ефимова,ул. Ефимова,Ефремова,80.0
35002,Сельхозтехники тер,ул. Сельхозтехники тер,Сельхозтехника,81.25
35162,Цилоковского,ул. Цилоковского,Циолковского,91.67
35257,Кв.Лесной,ул. Кв.Лесной,Кв-л Лесной,80.0
35264,М. Жукова,ул. М. Жукова,Жукова,80.0
35287,1- ое Мая,ул. 1- ое Мая,1-ое Мая,94.12
35301,гер. Поаова,ул. Гер. Поаова,гер. Попова,90.91
35309,Советский Армии,ул. Советский Армии,Советской Армии,93.33
35326,Г. Елисеева,ул. Г. Елисеева,Елисеева,84.21
35439,2 Чапаева,ул. 2 Чапаева,Чапаева,87.5
35457,40 лет пион. Организации,ул. 40 лет пион. Организации,40 лет Пион.организации,89.36
35478,Косманавтов,ул. Косманавтов,Космонавтов,90.91
35588,Кр.Текстильщик,ул. Кр.Текстильщик,Текстильщиков,81.48
35650,ст Пески,ул. Ст Пески,Ст.Пески,87.5
35654,1 Лесная,ул. 1 Лесная,1-я Лесная,88.89
35890,Социалестическая,ул. Социалестическая,Социалистическая,93.75
35974,8е марта,ул. 8е марта,8-е марта,94.12
36091,Юбилейныйб.р,ул. Юбилейныйб.р,Юбилейный б,86.96
36199,Бкорнилова,ул. Бкорнилова,Б.Корнилова,85.71
36242,б-рПобеды,ул. Б-рПобеды,Победы,80.0
36344,пр. Крпаблестроителей,пр-кт Крпаблестроителей,пр-кт Кораблестроителей,94.12
36416,Пягорская,ул. Пягорская,Пятигорская,90.0
36494,Днепропетровский,ул. Днепропетровский,Днепропетровская,87.5
36571,Сериевка,ул. Сериевка,Сергиевская,84.21
36729, Бкорнилова,ул. Бкорнилова,Б.Корнилова,85.71
36824,70 лет Победы,ул. 70 лет Победы,40 лет Победы,92.31
36854,Побеная,ул. Побеная,Победная,93.33
36867,пр.Г ероев,пр-кт Г ероев,пр-кт Героев,92.31
36889,Фендосеенко,ул. Фендосеенко,Федосеенко,95.24
36893,Ген Клюева,ул. Ген Клюева,Ген.Клюева,90.0
37120,Москвское ш,ш. Москвское,Московское шоссе,94.74
37178,Кораблсетроителей,ул. Кораблсетроителей,Кораблестроителей,94.12
37341,Садова,ул. Садова,Садовая,92.31
37416,Осиповка,ул. Осиповка,Осипова,93.33
37482,Малковского,ул. Малковского,Маковского,95.24
37695,Болотника,ул. Болотника,Болотникова,90.0
37752,пр кт Кирова,пр-кт Кт Кирова,пр-т Кирова,82.35
37898,Беломррская,ул. Беломррская,Беломорская,90.91
37957,Московсковское шоссе,ш. Московсковское,Московское шоссе,83.33
37958,Понамарева,ул. Понамарева,Пономарева,90.0
37968,40 летия Победы,ул. 40 летия Победы,50 летия Победы,93.33
37975,ген Клюева,ул. Ген Клюева,Ген.Клюева,90.0
38026,Мечнткова,ул. Мечнткова,Мечникова,88.89
38189,Мечникова79,ул. Мечникова79,Мечникова,90.0
38307,"Г, Космоса","ул. Г, Космоса",Г Космоса,94.74
38492,40-лет Пионер. Организации,ул. 40-лет Пионер. Организации,40 лет Пионерской Организации,87.27
38599,217,ул. 217,17,80.0
38631,Гроденская,ул. Гроденская,Гродненская,95.24
38692,Деженева,ул. Деженева,Дежнева,93.33
38725,Юблейный,ул. Юблейный,Юбилейный,94.12
38754,Ордженикидзе,ул. Ордженикидзе,Орджоникидзе,91.67
38815,Эегельса,ул. Эегельса,Энгельса,87.5
38855,Ярмарочный пр.,пр-кт Ярмарочный,пр-д Ярмарочный,90.91
38940,Гороховская,ул. Гороховская,Гороховецкая,86.96
38952,Мещерский б- р,ул. Мещерский б- р,Мещерский бр,92.31
39002,кв Дружба,ул. Кв Дружба,кв-л Дружба,90.0
39065,пер Западный\,пер. Западный\,пер.Западный,94.12
39089,Молодедный мкр,мкр. Молодедный,м-н Молодежный,90.0
39115,Волж. Набержная,ул. Волж. Набержная,Волжская Набержная,84.85
39182,Им. Маршала Рокоссовского,ул. Им. Маршала Рокоссовского,Им. Маршала Рокоссовского К.К.,92.59
39202,Московсекое ш,ш. Московсекое,Московское шоссе,95.24
39257,Г. Плотникова,ул. Г. Плотникова,Плотникова,86.96
39293,Скасырева,ул. Скасырева,Скосырева,88.89
39538,Луннская,ул. Луннская,Лунская,93.33
39569,Новосовесткая,ул. Новосовесткая,Новосоветская,92.31
39643,Турлова,ул. Турлова,Туркова,85.71
39709,А. Пешкова,ул. А. Пешкова,А.Пешкова,94.74
39712,Щербинки- 1Мкр,ул. Щербинки- 1Мкр,Щербинки-1мкр.,88.89
39713,ген Ивлеева,ул. Ген Ивлеева,Ген. Ивлиева,86.96
39912,Постникова,ул. Постникова,Плотникова,90.0
39959,Некрасовой,ул. Некрасовой,Некрасова,84.21
39991,Матросрва,ул. Матросрва,Матросова,88.89
40042,Мещерский 5,ул. Мещерский 5,Мещерский б,90.91
40094,Энтузаистов,ул. Энтузаистов,Энтузиастов,90.91
40110,Дьяковнова,ул. Дьяковнова,Дьяконова,94.74
40390,Зашковая,ул. Зашковая,Замковая,87.5
40391,Локомативная,ул. Локомативная,Локомотивная,91.67
40404,Балакиревская,ул. Балакиревская,Балакирева,86.96
40413,2-ая Лесная,ул. 2-ая Лесная,2-я Лесная,95.24
40422,Союзныйпр,ул. Союзныйпр,Союзный,87.5
40453,Березоаская,ул. Березоаская,Березоская,95.24
40508,Генкина,ул. Генкина,Генкиной,80.0
40707,1-ое мая,ул. 1-ое мая,1-го мая,87.5
40711,Волжский реид,ул. Волжский реид,Волжский рейд,92.31
40735,Лесной городрк,ул. Лесной городрк,Лесной городок,92.86
40756,Озёрная 6 лин,ул. Озерная 6 лин,Озерная 6 линия,92.86
40762,Техорецкая,ул. Техорецкая,Тихорецкая,90.0
40789,Гаврилова,ул. Гаврилова,Вавилова,82.35
40833,Боровская,ул. Боровская,Бобровская,94.74
40911,6-0й Микрорайон,мкр. 6-0й,МКР 6-й,85.71
40931,Большевисиская,ул. Большевисиская,Большевистская,92.86
40960,Б.Мира,ул. Б.Мира,Мира,80.0
40986,пр.ктКарла Маркса,пр-кт КтКарла Маркса,пр.Карла Маркса,92.31
40998,Большевисекая,ул. Большевисекая,Большевитская,92.31
41054,1я Луговая,ул. 1я Луговая,2я Луговая,90.0
41266,Востстания,ул. Востстания,Восстания,94.74
41269,Сормовское,ул. Сормовское,Сормовская,80.0
41300,Г. Ивлиева,ул. Г. Ивлиева,Ген. Ивлиева,90.91
41388,Б.Кузьнечная,ул. Б.Кузьнечная,Б.Кузнечная,95.65
41826,Гужевая,ул. Гужевая,Грушевая,80.0
41879,Гер. Шнитникова,ул. Гер. Шнитникова,Героя Шнитникова,90.32
41884,Усольская,ул. Усольская,Вольская,82.35
42036,С. Перовской,ул. С. Перовской,С.Перовской,95.65
42112,Петейская,ул. Петейская,Путейская,88.89
42203,Б. Заречный,ул. Б. Заречный,Б.Заречный,95.24
42253,Гне. Клюева,ул. Гне. Клюева,Г. Клюева,90.0
42542,Заречный б,ул. Заречный б,Заречный,88.89
42627,Л. Толсстого,ул. Л. Толсстого,Л. Толстого,95.65
42732,Иванова В,ул. Иванова В,Иванова,87.5
42785,кКуйбышева,ул. ККуйбышева,Куйбышева,94.74
42859,Карла Макса,ул. Карла Макса,Карла Маркса,95.65
42871,И Чугурина,ул. И Чугурина,И. Чугурина,95.24
43092,Кливерный проезд,пр-д Кливерный,Клеверный проезд,88.89
43132,Краснофлоцкая,ул. Краснофлоцкая,Краснофлотская,88.89
43133,Г.Корсакова,ул. Г.Корсакова,Р.Корсакова,90.91
43149,микр.Молодежный,ул. Микр.Молодежный,Молодежный,80.0
43161,1ая  Оранжерейная,ул. 1ая Оранжерейная,1-я Оранжерейная,93.75
43329,пр-т Чкалова,пр-кт Т Чкалова,пр.Чкалова,87.5
43417,Вязниковского,ул. Вязниковского,Вязниковская,80.0
43455,Р. Пискунова,ул. Р. Пискунова,Р.Пискунова,95.65
43489,Барская,ул. Барская,Борская,85.71
43494,Нарова,ул. Нарова,Нартова,92.31
43620,Г. Папова,ул. Г. Папова,гер. Попова,80.0
43883,Юлиуса Фичука,ул. Юлиуса Фичука,Юлиуса Фучика,84.62
43950,Г. Рябцова,ул. Г. Рябцова,Г. Рябцева,90.0
43968,Есина,ул. Есина,Есенина,83.33
43977,106,ул. 106,16,80.0
44138,Прлетарская,ул. Прлетарская,Пролетарская,95.65
44190,40 лет пионер. Организации,ул. 40 лет пионер. Организации,40 лет Пионерской Организации,87.27
44250,Краснокамская,ул. Краснокамская,Красноармейская,85.71
44440,Пленетная,ул. Пленетная,Планетная,88.89
44511,А-Невского,ул. А-Невского,А.Невского,90.0
44648,Б.-Юилейный,ул. Б.-Юилейный,Б.Юбилейный,90.91
44722,Пр. Ярморочный,пр-кт Ярморочный,Ярморочный пр-д,86.96
44737,"Б,Школьная","ул. Б,Школьная",Б.Школьная,90.0
44845,Н. Кольцова,ул. Н. Кольцова,Н.Кольцова,95.24
44895,Плбедная,ул. Плбедная,Победная,87.5
44935,Генерала Ивлиева И.Д.,д. Генерала Ивлиева И,Им.Генерала Ивлиева И.Д.,92.31
45098,Микр.Жуковского,ул. Микр.Жуковского,Жуковского,80.0
45139,Дубовская,ул. Дубовская,Фубровская,84.21
45240,Гер.Шнитникова,ул. Гер.Шнитникова,Г.Шнитникова,92.31
45276,Н.Советская,ул. Н.Советская,Советская,90.0
45387,Доброольцев,ул. Доброольцев,Добровольцев,95.65
45402,Г. Лопатина,ул. Г. Лопатина,Лопатина,84.21
45410,40 лет Пион. Организации,ул. 40 лет Пион. Организации,40 лет Пион.организации,93.62
45421,Кльтуры,ул. Кльтуры,Культуры,93.33
45555,Циолкоского,ул. Циолкоского,Циолковского,95.65
45568,Вол. Набержная,ул. Вол. Набержная,Волжская Набержная,81.25
45614,Г. Успенского,ул. Г. Успенского,Гл.Успенского,92.31
45621,Широковская,ул. Широковская,Кировская,80.0
45658,40 лет пион организации,ул. 40 лет пион организации,40 лет Пион.организации,91.3
45781,В. Волжская Набер.,ул. В. Волжская Набер,Волжская набер.,83.87
45798,С Разина,ул. С Разина,Разина,85.71
45804,Ген. Веденина,ул. Ген. Веденина,Генерала Веденина,80.0
45893,Новосмовская,ул. Новосмовская,Новосоветская,88.0
46307,А. Павлова,ул. А. Павлова,Ак.Павлова,90.0
46334,пр. Кап Рачкова,пр-кт Кап Рачкова,пр.кап.Рачкова,90.91
46414,Октю Революции,ул. Октю Революции,Окт. Революции,92.86
46594,А. Лешкова,ул. А. Лешкова,А.Пешкова,84.21
46671,Соборная,ул. Соборная,Свободная,82.35
46680,Гр. Шнитникова,ул. Гр. Шнитникова,Г.Шнитникова,92.31
46849,2 Луговая,ул. 2 Луговая,2я Луговая,94.74
46936,Общенствееный пер,пер. Общенствееный,пер.Общественный,88.0
46961,Нижигородская,ул. Нижигородская,Нижегородская,92.31
47058,60 Лет ВЛКСМ,ул. 60 Лет ВЛКСМ,60 лет ВЛКСМ,91.67
47117,ш. Моссковское,ш. Моссковское,Московское шоссе,95.24
47198,Болдинская,ул. Болдинская,Белинская,84.21
47204,пр. Кораблесироителей,пр-кт Кораблесироителей,пр-кт Кораблестроителей,94.12
47248,ген. Ивлева,ул. Ген. Ивлева,Ген. Ивлиева,95.65
47300,Сетлоярская,ул. Сетлоярская,Светлоярская,95.65
47360,Пролетерская,ул. Пролетерская,Пролетарская,91.67
47379,Канавеая,ул. Канавеая,Канавная,87.5
47390,Бурнакова,ул. Бурнакова,Бурнаковская,85.71
47503,Московсское шоссе,ш. Московсское,Московское шоссе,95.24
47635,Сельхозтехники,ул. Сельхозтехники,Сельхозтехника,92.86
47644,Фадаева,ул. Фадаева,Чадаева,85.71
47681,кв. Дружба,ул. Кв. Дружба,кв-л Дружба,85.71
47763,1 Песчаная,ул. 1 Песчаная,Песчаная,88.89
47773,Новосельная,ул. Новосельная,Новосельская,86.96
47868,Сиберякова,ул. Сиберякова,Сибирякова,90.0
47891,Своюоды,ул. Своюоды,Свободы,85.71
47914,Сергиевка,ул. Сергиевка,Сергиевская,90.0
47918,Б. Школьная,ул. Б. Школьная,Б.Школьная,95.24
47988,Бесарабенко,ул. Бесарабенко,Бессарабенко,95.65
48176,Сведлова,ул. Сведлова,Свердлова,94.12
48187,Юбилейный б р,ул. Юбилейный б р,Юбилейный б,91.67
48196,Коммустическая,ул. Коммустическая,Коммунистическая,93.33
48209,Р.Люксемберг,ул. Р.Люксемберг,Р.Люксембург,91.67
48260,Козцкого,ул. Козцкого,Козицкого,94.12
48361,Ю. Фучика,ул. Ю. Фучика,Юл. Фучика,94.74
48405,"Дубравная ,11 лин","ул. Дубравная ,11 лин",Дубравная 11 линия,91.43
48484,Б- Юбелейный,ул. Б- Юбелейный,Б Юбелейный,95.65
48524,Федосеенко9,ул. Федосеенко9,Федосеенко,95.24
48528,Б.Московская,ул. Б.Московская,Московская,90.91
48530,Янка Купалы,ул. Янка Купалы,Янки Купалы,90.91
48624,Мик-он Гоголя,ул. Мик-он Гоголя,Микр. Гоголя,80.0
48638,Ильинкинская,ул. Ильинкинская,Ильинская,85.71
48651,Мир,ул. Мир,Мира,85.71
48692,Сестер Рукавишниковых,ул. Сестер Рукавишниковых,Рукавишниковых,80.0
48720,6 ой Микрорайон,мкр. 6 ой,6ой Микрорайон,85.71
48905,Совхозна,ул. Совхозна,Совхозная,94.12
48940,Темерязева,ул. Темерязева,Тимирязева,80.0
48975,Волжский Рейд,ул. Волжский Рейд,Волжский рейд,92.31
48980,Сормоское шоссе,ш. Сормоское,Сормовское шоссе,94.74
49007,Краснх Зорь,ул. Краснх Зорь,Красных Зорь,95.65
49083,пр-кт Караблестроителей,пр-кт Караблестроителей,пр-кт Кораблестроителей,94.12
49119,Захарова,ул. Захарова,Захаровская,84.21
49249,Баенца,ул. Баенца,Баренца,92.31
49366,Бекмешова,ул. Бекмешова,Бекетова,82.35
49465,г. Маргелова,ул. Г. Маргелова,Ген. Маргелова,92.31
49485,Фруезе,ул. Фруезе,Фрунзе,83.33
49493,прКораблестроителей,ул. ПрКораблестроителей,Кораблестроителей,94.44
49500,пр.Союзынй,пр-кт Союзынй,пр-кт Союзный,85.71
49555,Миллионова,ул. Миллионова,Миллионовка,95.24
49590,ст. Разина,ул. Ст. Разина,Ст.Разина,94.74
49605,Октяб. Революции,ул. Октяб. Революции,Окт. Революции,93.33
49622,Н- Полянки,ул. Н- Полянки,Н. Полянки,90.0
49668,Даргрмыжского,ул. Даргрмыжского,Даргомыжского,92.31
49671,Г. Тихомирова,ул. Г. Тихомирова,Ген.Тихомирова,88.89
50135,Ильнская,ул. Ильнская,Ильинская,94.12
50154,Хохолова,ул. Хохолова,А.Хохлова,82.35
50202,5 линия,ул. 5 линия,2 линия,85.71
50239,Волжская Набер.,ул. Волжская Набер,Волжская набер.,92.86
50499,Г. Васильева,ул. Г. Васильева,Г.Васильева,95.65
50552,Мовсковское шоссе,ш. Мовсковское,Московское шоссе,95.24
50620,Гордеевкая,ул. Гордеевкая,Гордеевская,95.24
50635,Г. Комоса,ул. Г. Комоса,Г. Космоса,94.74
50638,Г. Чугунова,ул. Г. Чугунова,Гер.Чугунова,86.96
50654,пр.-кт Героев,пр-кт Кт Героев,Пр-т Героев,82.35
50675,Пристанционная,ул. Пристанционная,Станционная,80.0
50699,Л. Чайкиной,ул. Л. Чайкиной,Л.Чайкиной,95.24
50703,7 К оммунаров,ул. 7 К оммунаров,Коммунаров,86.96
50730,бр. Заречный,ул. Бр. Заречный,Б.Заречный,90.91
50743,Арк.Гайдара,ул. Арк.Гайдара,А.Гайдара,90.0
50774,Фадеевых,ул. Фадеевых,Фадеева,80.0
50897,б. 60-летия Октября,ул. Б. 60-летия Октября,60-летия Октября,91.43
50902,50-лнтия Победы,ул. 50-лнтия Победы,50-летия Победы,93.33
50930,пр-кт Кароблестроителей,пр-кт Кароблестроителей,пр-кт Коаблестроителей,90.91
50952,Щимборского,ул. Щимборского,Шимборского,90.91
50959,КарлаМ аркса,ул. КарлаМ аркса,Карла Маркса,91.67
50988,Черняховского 9,ул. Черняховского 9,Черняховского,92.86
50999,Беленского,ул. Беленского,Белинского,90.0
51044,пр. кт. Циолковского,пр-кт Кт. Циолковского,пр-т Циолковского,86.67
51049,50- Летия победы,ул. 50- Летия победы,50- Летия Победы,93.75
51055,Приовражная,ул. Приовражная,Придорожная,81.82
51074,Спктник,ул. Спктник,Спутника,80.0
51085,М. Ульяновой,ул. М. Ульяновой,Ульяновой,85.71
51132,Им.Ленина,ул. Им.Ленина,Ленина,80.0
51266,Свбоды,ул. Свбоды,Свободы,92.31
51308,Бассарабенко,ул. Бассарабенко,Бессарабенко,91.67
51318,едосеенко,ул. Едосеенко,Федосеенко,84.21
51320,Московскон ш,ш. Московскон,Московское шоссе,90.0
51391,40 Лет Победы,ул. 40 Лет Победы,40 лет Победы,92.31
51506,бульв.Заречный,ул. Бульв.Заречный,Б.Заречный,83.33
51509,ельникова,ул. Ельникова,Мельникова,84.21
51554,Г . Космоса,ул. Г . Космоса,Г. Космоса,95.24
51664,Заречнная,ул. Заречнная,Заречная,94.12
51665,Шимборскоо,ул. Шимборскоо,Шимборского,95.24
51689,Ст. Канава,ул. Ст. Канава,Ст.Канава,94.74
51718,м. Строитель,ул. М. Строитель,Строитель,85.71
51984,Годеевская,ул. Годеевская,Гордеевская,95.24
52029,Карла Маркса11,ул. Карла Маркса11,Карла Маркса,92.31
52047,Светлоряская,ул. Светлоряская,Светлорская,95.65
52067,Куйбышнва,ул. Куйбышнва,Куйбышева,88.89
52111,И.Богдановича,ул. И.Богдановича,Богдановича,91.67
52262,ш.Моковсое,ш. Моковсое,Московсое ш,94.12
52312,10 линия,ул. 10 линия,1 линия,93.33
52425,Пакрковая,ул. Пакрковая,Парковая,94.12
52528,кв -л. Дружба,ул. Кв -л. Дружба,кв-л Дружба,91.67
52533,Федрсеенко,ул. Федрсеенко,Федосеенко,90.0
52541,С. Заводская,ул. С. Заводская,Заводская,85.71
52574,М.Советская,ул. М.Советская,Советская,90.0
52729,Фнунзе,ул. Фнунзе,Фрунзе,83.33
52782,пр- кт Гагарина,пр-кт Кт Гагарина,пр-т Гагарина,85.71
52823,Акад. Баха,ул. Акад. Баха,Акад.Баха,94.74
52825,Марагина,ул. Марагина,Брагина,80.0
52837,А. Сахарова,ул. А. Сахарова,А. Макарова,81.82
53014,Лебедёвка,ул. Лебедевка,Лебедева,94.12
53078,Керамическая,ул. Керамическая,Керченская,81.82
53137,Дзержинкого,ул. Дзержинкого,Дзержинского,95.65
53175,Мичурино,ул. Мичурино,Мичурина,87.5
53234,Большая Перекрестная,ул. Большая Перекрестная,Большая Печерская,81.08
53370,К-Либкнехта,ул. К-Либкнехта,К.Либкнехта,90.91
53685,посю Специалистов,ул. Посю Специалистов,Специалистов,82.76
53737,Береовская,ул. Береовская,Березовская,95.24
53804,Владимирского,ул. Владимирского,Владимирская,80.0
53900,Олимпиская,ул. Олимпиская,Олимпийская,95.24
54083,Дубравная 11-я линия,ул. Дубравная 11-я линия,Дубравная 11 линия,94.74
54086,40 лет Пион.Организ.,ул. 40 лет Пион.Организ,40 лет Пион.организации,85.71
54152,Горка,ул. Горка,Горушка,83.33
54321,40-лет. Победы,ул. 40-лет. Победы,40лет Победы,92.31
54435,Генерала Зинина,ул. Генерала Зинина,Генерала Зимина,93.33
54452,Белореченская,ул. Белореченская,Чернореченская,81.48
54526,Тюлена,ул. Тюлена,Тюленина,85.71
54528,Караблестроителей,ул. Караблестроителей,Кораблестроителей,94.12
54562,Керженецкая,ул. Керженецкая,Керженская,85.71
54677,ул.50-лелия Победы,ул. 50-лелия Победы,50-летия Победы,93.33
54699,им.Героя Довыдова,ул. Им.Героя Довыдова,Им.Героя Давыдова,94.12
54747,уд.Александра Люкина,ул. Уд.Александра Люкина,Александра Люкина,91.89
54838,по-кт Кораблестроителей,ул. По-кт Кораблестроителей,Кораблестроителей,85.0
54866,ул.Сазонова,ул. Сазонова,Сазанова,87.5
54878,Им.Генерала Зимина,ул. Им.Генерала Зимина,Генерала Зимина,90.91
55009,Героя Довыдова,ул. Героя Довыдова,Героя Давыдова,92.86
55023,Путейная,ул. Путейная,Путейская,82.35
55071,8 Иарта,ул. 8 Иарта,8 Марта,85.71
55371,г.Довыдова ул.,ул. Г.Довыдова,Г.Давыдова,90.0
55429,Мухачевская,ул. Мухачевская,Пугачевская,81.82
55475,Полярная,ул. Полярная,Полянская,82.35
55488,Грудина,ул. Грудина,Грунина,85.71
55510,Металистов,ул. Металистов,Металлистов,95.24
55687,Куколевского,ул. Куколевского,Жуковского,81.82
55699,Страж Ревлюии,ул. Страж Ревлюии,Страж Революции,92.86
55702,ш.Мсковское,ш. Мсковское,Московское шоссе,94.74
55772,Кузнецово,ул. Кузнецово,Кузнецова,88.89
55810,пПвла Орлова,ул. ППвла Орлова,Павла Орлова,91.67
55856,Рим.Корсакова,ул. Рим.Корсакова,Р.Корсакова,91.67
55882,1-я Северная,ул. 1-я Северная,9-я Северная,91.67
55884,Ереминская,ул. Ереминская,Ереванская,80.0
56187,Гвардецев,ул. Гвардецев,Гвардейцев,94.74
56206,Марш.Казакова,ул. Марш.Казакова,М.Казакова,86.96
56351,пер.Курганский,пер. Курганский,пер.Тургайский,80.0
56561,Вахтанговна,ул. Вахтанговна,Вахтангова,95.24
56655,Пнфиловцев,ул. Пнфиловцев,Панфиловцев,95.24
56727,Юбилейны б-р,б-р Юбилейны,Юбилейный б-р,94.12
56750,Н.Гасстелло,ул. Н.Гасстелло,Н.Гастелло,95.24
56755,Рабкоров,ул. Рабкоров,Рабкоровская,80.0
56768,Тентюковская,ул. Тентюковская,Третьяковская,80.0
56857,Лобочевского,ул. Лобочевского,Лобачевского,91.67
56943,пер.Пургенева,пер. Пургенева,пер.Тургенева,88.89
56966,Казбекова,ул. Казбекова,Казакова,82.35
57004,г.Титова,ул. Г.Титова,Титова,85.71
57085,Зоречная,ул. Зоречная,Заречная,87.5
57215,Маршала Рокоссовского К.К.,ул. Маршала Рокоссовского К.К,Им.Маршала Рокоссовского К.К.,94.34
57287,Гагаринская,ул. Гагаринская,Гагинская,90.0
57379,ш. Мковскоеое,ш. Мковскоеое,Московское шоссе,80.0
57443,Даргомышского,ул. Даргомышского,Даргомыжского,92.31
57448,Знтузиастов,ул. Знтузиастов,Энтузиастов,90.91
57521,Железнодорожная 3-я,ул. Железнодорожная 3-я,Железнодорожная 1-я,94.74
57525,Бусыгна,ул. Бусыгна,Бусыгина,93.33
57566,16 линия,ул. 16 линия,1 линия,93.33
57645,им.академика Павлова,ул. Им.академика Павлова,Академика Павлова,86.49
57657,Циолковскаго,ул. Циолковскаго,Циолковского,91.67
57712,Мостотряд,ул. Мостотряд,Мостоотряд,94.74
57922,Кемерова,ул. Кемерова,Кемеровская,84.21
58020,Б.Юблейный,ул. Б.Юблейный,Б.Юбилейный,95.24
58045,Линия,ул. Линия,2 Линия,83.33
58113,Касимовскаяя,ул. Касимовскаяя,Касимовская,95.65
58363,Юрасова,ул. Юрасова,Юрасовская,82.35
58426,Александровский парк,ул. Александровский парк,Александровская,80.0
58491,Малозтажная,ул. Малозтажная,Малоэтажная,90.91
58514,Плотнечный пер.,пер. Плотнечный,Плотничный пер,90.0
58803,пр-кт Кораблестроителнлей,пр-кт Кораблестроителнлей,пр-кт Кораблестроителей,94.44
59178,Академика Блохиной,ул. Академика Блохиной,Академика И.Н.Блохиной,90.0
59193,Народня,ул. Народня,Народная,93.33
59246,кв.Лесной,ул. Кв.Лесной,Кв-л Лесной,80.0
59267,пр-т Молодежный,пр-кт Т Молодежный,пр-кт Молодежный,90.91
59306,Черняховскрго,ул. Черняховскрго,Черняховского,92.31
59489,Кенченская,ул. Кенченская,Керченская,90.0
59647,Мчурина,ул. Мчурина,Мичурина,93.33
59815,пр.М.Рачкова,пр-кт М.Рачкова,пр.Рачкова,87.5
59922,Сеченово,ул. Сеченово,Сеченова,87.5
60096,В.Реолюции,ул. В.Реолюции,В.Революции,95.24
60334,кв.Дружба,ул. Кв.Дружба,кв-л Дружба,80.0
60468,Смолянка,ул. Смолянка,Смолина,80.0
60683,Тадалушкина,ул. Тадалушкина,Талалушкина,90.91
60690,9-я линия,ул. 9-я линия,1-я линия,88.89
60976,Гогаля,ул. Гогаля,Гоголя,83.33
61046,Щербакова19,ул. Щербакова19,Щербакова,90.0
61048,прк-кт Кораблестроителей,ул. Прк-кт Кораблестроителей,Кораблестроителей,82.93
61194,Орджоникизде,ул. Орджоникизде,Орджоникидзе,91.67
61411,Герокв Космоса,ул. Герокв Космоса,Героев Космоса,92.86
61522,Рабрчая,ул. Рабрчая,Рабочая,85.71
61581,пер.Шоссеный,пер. Шоссеный,пер.Шоссейный,94.12
61588,Седунова,ул. Седунова,Седова,85.71
61641,Волжский рейс,ул. Волжский рейс,Волжский рейд,92.31
61660,Драгомыжского,ул. Драгомыжского,Даргомыжского,92.31
61695,Свобода,ул. Свобода,Свободная,87.5
61778,б-р 60-летия Октчбря,б-р 60-летия Октчбря,б-р 60-летия Октября,93.75
61779,Кичасова,ул. Кичасова,Кечасова,87.5
61851,Авиционная,ул. Авиционная,Авиационная,95.24
62120,Плоскова,ул. Плоскова,Плосково,87.5
62286,Нижнгородская,ул. Нижнгородская,Нижегородская,92.31
62567,пр.Караблестроителей,пр-кт Караблестроителей,пр-кт Кораблестроителей,94.12
62793,Ефремовпа,ул. Ефремовпа,Ефремова,94.12
62802,1я Линия,ул. 1я Линия,1-я Линия,94.12
62821,Дм..Павлова,ул. Дм..Павлова,Дм.Павлова,95.24
62867,Поязунова,ул. Поязунова,Ползунова,88.89
62871,Зеленогорская,ул. Зеленогорская,Зеленодольская,81.48
62930,Хмельницкого,ул. Хмельницкого,Б.Хмельницкого,92.31
62947,мещенский б-р,б-р Мещенский,Мещерский б-р,88.89
63066,40 лет Пионер.Организации,ул. 40 лет Пионер.Организации,40 лет Пион.организации,91.67
63162,Дубравная 2 лин.,ул. Дубравная 2 лин,Дубравная 2 линия,93.75
63230,Сегенова,ул. Сегенова,Сеченова,87.5
63394,Курзинская,ул. Курзинская,Курская,82.35
63426,"Озерная,5 линия","ул. Озерная,5 линия",Озерная 5 линия,93.33
63496,Шаляпина19а,ул. Шаляпина19а,Шаляпина,84.21
63519,Агрокомическая,ул. Агрокомическая,Агрономическая,92.86
63569,Ефимома Рубинчика,ул. Ефимома Рубинчика,Ефима Рубинчика,93.75
63586,Пески,ул. Пески,Н.Пески,83.33
63754,Ватрыкшонка,ул. Ватрыкшонка,Ватракшонка,90.91
63818,9-е Мая,ул. 9-е Мая,9 Мая,83.33
63822,Родиенова,ул. Родиенова,Родионова,88.89
63825,3й микрорайон,мкр. 3й,мкр 3-й,80.0
63891,Себерякова,ул. Себерякова,Сибирякова,80.0
63897,пр-т кап.Рачкова,пр-кт Т кап.Рачкова,пр.кап.Рачкова,83.33
63941,20-я линия,ул. 20-я линия,2-я линия,94.74
64040,Куьтуры,ул. Куьтуры,Культуры,93.33
64041,Починковская,ул. Починковская,Б.Починковская,92.31
64271,2 й Микрорайон,мкр. 2 й,2й Микрорайон,80.0
64353,Героя Чугурина,ул. Героя Чугурина,Героя Чугунова,85.71
64412,М.Покровская,ул. М.Покровская,Б.Покровская,91.67
64668,Миронова,ул. Миронова,Мирошникова,84.21
64719,Барнова,ул. Барнова,Баранова,93.33
64777,Лесокирзаводская,ул. Лесокирзаводская,Лесозаводская,89.66
64969,Завокзальная,ул. Завокзальная,Вокзальная,81.82
65151,Пыгунова,ул. Пыгунова,Прыгунова,94.12
65198,8-я Линия,ул. 8-я Линия,1-я Линия,88.89
65255,пер.Сталилетейный,пер. Сталилетейный,пер.Сталелитейный,84.62
65341,Пушкино,ул. Пушкино,Пушкина,85.71
65531,Волжкая Набережная,наб. Волжкая,Волжская Набережная,93.33
65554,Невтегазовская,ул. Невтегазовская,Нефтегазовская,92.86
65761,17 линия,ул. 17 линия,1 линия,93.33
65865,М.И.Ульянова,ул. М.И.Ульянова,Ульянова,80.0
65933,Урийского,ул. Урийского,Урицкого,82.35
65961,Шатковская,ул. Шатковская,Мартовская,80.0
65962,Петропавловская,ул. Петропавловская,Петрозаводская,82.76
66029,Дубрвная 10-линия,ул. Дубрвная 10-линия,Дубравная 10 линия,91.43
66055,Волновая,ул. Волновая,Вольная,80.0
66095,Зеливная,ул. Зеливная,Заливная,87.5
66127,1 Производственная,ул. 1 Производственная,2 Производственная,94.44
66187,Адмирала макарова,ул. Адмирала макарова,Адмирала Макарова,94.12
66189,Маршала воронова,ул. Маршала воронова,Маршала Воронова,93.75
66253,Кировградская,ул. Кировградская,Кировская,81.82
66254,Ступинина,ул. Ступинина,Ступишина,88.89
66545,Сл. Александровская,ул. Сл. Александровская,Александровская,88.24
66601,Кораблестроителей п4,ул. Кораблестроителей п4,Кораблестроителей,91.89
66708,кв. Молодежный,ул. Кв. Молодежный,Молодежный,83.33
66778,прд Лермонтова,ул. Прд Лермонтова,Лермонтова,83.33
66792,Сергея лазо,ул. Сергея лазо,Сергея Лазо,90.91
66876,Герой Космоса,ул. Герой Космоса,Гер Космоса,91.67
66976,Коминткрна,ул. Коминткрна,Коминтерна,90.0
67013,Понаморева,ул. Понаморева,Пономарева,80.0
67035,Приамурская,ул. Приамурская,Приморская,85.71
67040,1 Рабочий пер,пер. 1 Рабочий,пер.Рабочий,87.5
67124,2-я Вокзальная,ул. 2-я Вокзальная,Вокзальная,83.33
67157,Ботвина,ул. Ботвина,Боткина,85.71
67220,Тельман,ул. Тельман,Тельмана,93.33
67269,Мотова,ул. Мотова,Мостовая,85.71
67277,1й Микрорайон,мкр. 1й,МКР 1-й,80.0
67278,М.м.Казакова,ул. М.м.Казакова,М.Казакова,90.91
67288,Бараева,ул. Бараева,Баранова,80.0
67400,Л.Толсого,ул. Л.Толсого,Л.Толстого,94.74
67760,Еловая,ул. Еловая,Елховская,80.0
67819,Шольная,ул. Шольная,Школьная,93.33
67835,Ситкина,ул. Ситкина,Силкина,85.71
67925,Карнинского,ул. Карнинского,Карпинского,90.91
67967,Кротина,ул. Кротина,Костина,85.71
68045,Ленская,ул. Ленская,Ленинская,87.5
68126,Светлова,ул. Светлова,Свердлова,82.35
68170,Хабаровская,ул. Хабаровская,Харьковская,81.82
68199,Г.Двыдова,ул. Г.Двыдова,Г.Давыдова,94.74
68206,9я Северная,ул. 9я Северная,9-я Северная,95.65
68221,30лет Октября,ул. 30лет Октября,40лет Октября,92.31
68318,Зленая,ул. Зленая,Зеленая,92.31
68341,Петухова,ул. Петухова,Петрова,80.0
68343,70 лет октября,ул. 70 лет октября,70 лет Октября,92.86
68354,Шиборского,ул. Шиборского,Шимборского,95.24
68447,Моксовское шоссе,ш. Моксовское,Московское шоссе,90.0
68587,Янаульская,ул. Янаульская,Барнаульская,81.82
68593,Таборская,ул. Таборская,Тамбовская,84.21
68727,Маршала жукова,ул. Маршала жукова,Маршала Жукова,92.86
68749,Леопильная,ул. Леопильная,Лесопильная,95.24
68751,Красныз зорь,ул. Красныз зорь,Красных зорь,91.67
68780,ордеевская,ул. Ордеевская,Гордеевская,85.71
68789,Профинтрна,ул. Профинтрна,Профинтерна,95.24
68797,Шамкина,ул. Шамкина,Шапкина,85.71
69075,"Дубравная,6 лин","ул. Дубравная,6 лин",Дубравная 6 линия,87.5
69263,Народая,ул. Народая,Народная,93.33
69342,Бурнаковский пр-зд,пр-кт Бурнаковский -зд,пр-д Бурнаковский,80.0
69725,1 Строителя,ул. 1 Строителя,Строитель,80.0
69858,Возрожденская,ул. Возрожденская,Возрождения,83.33
69875,Молодая гвардия,ул. Молодая гвардия,Молодая Гвардия,93.33
69910,Новосеьская,ул. Новосеьская,Новосельская,95.65
69976,Айвозовского,ул. Айвозовского,Айвазовского,91.67
70140,Актюбтинская,ул. Актюбтинская,Актюбинская,95.65
70203,Беломоркая,ул. Беломоркая,Беломорская,95.24
70281,Надежды сусловой,ул. Надежды сусловой,Надежды Сусловой,93.75
70310,пр-т Советский,пр-кт Т Советский,пр-кт Советский,90.0
70445,Н киты Рыбакова,ул. Н киты Рыбакова,Никиты Рыбакова,93.33
70660,Тбилисская,ул. Тбилисская,Тяблинская,80.0
70760,Красивая,ул. Красивая,Красная,80.0
70894,Мира 3,ул. Мира 3,Мира,80.0
71044,Сплавная,ул. Сплавная,Главная,80.0
71049,Сокольская,ул. Сокольская,Никольская,80.0
71373,Хохрякова,ул. Хохрякова,Корякова,82.35
71421,Евгения мирошникова,ул. Евгения мирошникова,Евгения Мирошникова,94.74
71464,Стрелковя,ул. Стрелковя,Стрелковая,94.74
71509,Колодинская,ул. Колодинская,Коломенская,81.82
71678,Ашарская,ул. Ашарская,Ошарская,87.5
71742,2 я линия,ул. 2 я линия,2-я линия,88.89
71856,Кперника,ул. Кперника,Коперника,94.12
71893,бр-р Юбилейный,ул. Бр-р Юбилейный,Б-Юбилейный,88.0
71972,Иаполкома,ул. Иаполкома,ул.Исполкома,88.89
72113,Шишкова,ул. Шишкова,В.Шишкова,87.5
72304,Моское шоссе,ш. Моское,Московсое ш,80.0
72384,Тимерязева,ул. Тимерязева,Тимирязева,90.0
72502,пр-т Кораблестроитедей,пр-кт Т Кораблестроитедей,пр-т Кораблестроителей,94.74
72674,Белковская,ул. Белковская,Балаковская,85.71
72691,Б.Юдилейный,ул. Б.Юдилейный,Б.Юбилейный,90.91
72728,Плпнировочная,ул. Плпнировочная,Планировочная,92.31
72758,Новая линния,ул. Новая линния,Новая линия,95.65
72785,ю-р Мещерский,ул. Ю-р Мещерский,Мещерский,81.82
72855,Шота Руставевели,ул. Шота Руставевели,Шота Руставели,93.33
72895,Пушкарская,ул. Пушкарская,Пушкинская,80.0
72977,Сомовское шоссе,ш. Сомовское,Сормовское шоссе,94.74
73243,Н.рыбакова,ул. Н.рыбакова,Н.Рыбакова,90.0
73251,3-я Северная,ул. 3-я Северная,9-я Северная,91.67
73391,Батуринская,ул. Батуринская,Батумская,80.0
73425,2я линия,ул. 2я линия,2-я линия,94.12
73527,Ступина,ул. Ступина,Ступишина,87.5
73547,Днедропетровская,ул. Днедропетровская,Днепропетровская,93.75
73654,М.Ульяновой,ул. М.Ульяновой,Ульяновой,90.0
73839,Высовольтная,ул. Высовольтная,Высоковольтная,92.31
73980,Москковское шоссе,ш. Москковское,Московское шоссе,95.24
74052,Станиславского31,ул. Станиславского31,Станиславского,93.33
74197,Красного Маяка,ул. Красного Маяка,Красногорка,80.0
74236,40 лет Пионерской орг.,ул. 40 лет Пионерской орг,40 лет Пионерской организации,84.0
74244,Им.Гагарина,ул. Им.Гагарина,Гагарина,84.21
74249,Почтовый пер,пер. Почтовый,пер.Портовый,87.5
74268,Волхлвская,ул. Волхлвская,Волховская,90.0
74456,Зацева,ул. Зацева,Зайцева,92.31
74475,Линдв-27,ул. Линдв-27,Линда-27,87.5
74481,Котина,ул. Котина,Костина,92.31
74552,Фармовочная,ул. Фармовочная,Формовочная,90.91
74553,Станмславского,ул. Станмславского,Станиславского,92.86
74733,2-я Волжская,ул. 2-я Волжская,Волжская,80.0
74745,Культур,ул. Культур,Культуры,93.33
74747,Капринского,ул. Капринского,Карпинского,90.91
74786,Полехская,ул. Полехская,Полесская,88.89
74859,Чертановская,ул. Чертановская,Черниговская,83.33
74891,40 лет Пионерс.организ.,ул. 40 лет Пионерс.организ,40 лет Пион.организации,84.44
75000,Абрамова,ул. Абрамова,Храмова,80.0
75094,2я Линия,ул. 2я Линия,2 Линия,93.33
75317,Яблочная,ул. Яблочная,Яблоневая,82.35
75531,4-я Заречная,ул. 4-я Заречная,Заречная,80.0
75577,бр.Заречный,ул. Бр.Заречный,Б.Заречный,95.24
75607,Бирюзова,ул. Бирюзова,Брюсова,80.0
75613,Н..Гастелло,ул. Н..Гастелло,Н.Гастелло,95.24
75621,И.-Чугурина,ул. И.-Чугурина,И.Чугурина,95.24
75695,Кузнецная,ул. Кузнецная,Кузнецкая,88.89
75811,Гордеевская20,ул. Гордеевская20,Гордеевская,91.67
75873,Спотивная,ул. Спотивная,Спортивная,94.74
75922,Чекина,ул. Чекина,Челюскина,80.0
76098,Большая Линия,ул. Большая Линия,Большая линия,92.31
76106,Угловая,ул. Угловая,Углова,92.31
76212,Керческая,ул. Керческая,Керченская,94.74
76385,Пекинская,ул. Пекинская,Пушкинская,84.21
76399,обачевского,ул. Обачевского,Лобачевского,86.96
76415,Сл.подновье,ул. Сл.подновье,Сл.Подновье,90.91
76459,Наб.им.Федоровского,наб. Им.Федоровского,Наб.Федоровского,88.89
76778,пр-кт Кораблестроитеоей,пр-кт Кораблестроитеоей,пр-кт Кораблестроителей,94.12
76872,Ев.Никонова,ул. Ев.Никонова,Евг.Никонова,95.65
76964,тер.СНТ Сокол №3,СНТ Тер. Сокол №3,тер.СНТ Сокол сад№1,82.76
77073,ш.Сормовский,ш. Сормовский,Сормовское шоссе,80.0
77175,Пркатная,ул. Пркатная,Прокатная,94.12
77279,Вилкова,ул. Вилкова,Волкова,85.71
77341,Народная стройка,ул. Народная стройка,Народная Стройка,93.75
77485,Кольцевая 1-я,ул. Кольцевая 1-я,Кольцевая,81.82
77499,им.героя Давыдова,ул. Им.героя Давыдова,Им.Героя Давыдова,94.12
77807,Механизатороа,ул. Механизатороа,Механизаторов,92.31
77828,3 Северная,ул. 3 Северная,Северная,88.89
77956,Шишкова Вячеславович,ул. Шишкова Вячеславович,Шишкова Вячеслава,86.49
78054,100,ул. 100,10,80.0
78103,Коломенксая,ул. Коломенксая,Коломенская,90.91
78283,пос.Мостооряд,пос. Мостооряд,пос.Мостоотряд,94.74
78313,Беелозерская,ул. Беелозерская,Белозерская,95.65
78359,25 линия,ул. 25 линия,2 линия,93.33
78411,Гаугегя,ул. Гаугегя,Гаугеля,85.71
78559,Бегевая,ул. Бегевая,Беговая,85.71
78560,Чеоксарская,ул. Чеоксарская,Чебоксарская,95.65
78580,проспект Бурнаковский,пр-кт Бурнаковский,пр-д Бурнаковский,92.31
78901,Мончагорская,ул. Мончагорская,Мончегорская,91.67
78917,Е.мирошникова,ул. Е.мирошникова,Е.Мирошникова,92.31
78940,Комиссарова,ул. Комиссарова,Комарова,84.21
78957,Золотовская,ул. Золотовская,Молитовская,81.82
78980,Робеспьра,ул. Робеспьра,Робеспьера,94.74
78997,МКР 12-й,мкр. 12-й,мкр 2-й,85.71
79007,Ямская,ул. Ямская,М.Ямская,85.71
79061,Лоскутов,ул. Лоскутов,Лоскутова,94.12
79196,Троицкого,ул. Троицкого,Урицкого,82.35
79275,Октчбрьская,ул. Октчбрьская,Октябрьская,90.91
79302,Кашина,ул. Кашина,Краюшкина,80.0
79309,5-я Северная,ул. 5-я Северная,9-я Северная,91.67
79345,Кишеневская,ул. Кишеневская,Кишиневская,90.91
79363,Терновского,ул. Терновского,Черняховского,83.33
79364,Земляничный,ул. Земляничный,Земляничная,81.82
79430,Наб.Им.Федоровского,наб. Им.Федоровского,Наб.Федоровского,88.89
79435,Комаровского,ул. Комаровского,Воровского,81.82
79551,40 лет Пионер.организ.,ул. 40 лет Пионер.организ,40 лет Пион.организации,86.36
79555,Г.Шитникова,ул. Г.Шитникова,Г.Шнитникова,95.65
79578,50-летия Октября,ул. 50-летия Октября,60-летия Октября,93.75
79603,Ученическая,ул. Ученическая,Техническая,81.82
79623,2-я Нагорная,ул. 2-я Нагорная,Нагорная,80.0
79694,Эенгельса,ул. Эенгельса,Энгельса,94.12
79734,еройская,ул. Еройская,Геройская,82.35
79749,Кочкуровская,ул. Кочкуровская,Кокшаровская,83.33
79751,Коваленко,ул. Коваленко,Кораленко,88.89
79901,Я.Купала,ул. Я.Купала,Я.Купалы,87.5
79972,Бориса панина,ул. Бориса панина,Бориса Панина,92.31
80148,Интернационалистов,ул. Интернационалистов,В.Интернационалистов,94.74
80172,Варшавская,ул. Варшавская,Варварская,80.0
80202,Нвродная,ул. Нвродная,Народная,87.5
80258,Генерала Васюнина,ул. Генерала Васюнина,Генерала Веденина,82.35
80282,Политотделовская,ул. Политотделовская,Политотдельская,90.32
80487,Каслинская,ул. Каслинская,Таллинская,80.0
80625,Баргузинская,ул. Баргузинская,Грузинская,81.82
80696,Дмитрия Павлович,ул. Дмитрия Павлович,Дмитрия Павлова,90.32
80901,Чаадаеева,ул. Чаадаеева,Чаадаева,94.12
81078,Рамонятская,ул. Рамонятская,Раменская,80.0
81330,1Линия,ул. 1Линия,1-я Линия,80.0
81350,Краского,ул. Краского,Крамского,94.12
81357,Черноярская,ул. Черноярская,Черноморская,86.96
81384,3-я Вокзальная,ул. 3-я Вокзальная,Вокзальная,83.33
81419,Бкзрукова,ул. Бкзрукова,Безрукова,88.89
81498,Агрохимическая,ул. Агрохимическая,Агрономическая,85.71
81499,героя Советского Союза Боченко,ул. Героя Советского Союза Боченко,Героя Советского Союза Сафроно,86.67
81523,Гауеля,ул. Гауеля,Гаугеля,92.31
81677,Рудковского,ул. Рудковского,Жуковского,85.71
81766,Черняхорского,ул. Черняхорского,Черняховского,92.31
81886,Краснхы Зорь,ул. Краснхы Зорь,Красны Зорь,95.65
81939,Дубравная 5-я линия,ул. Дубравная 5-я линия,Дубравная 5 линия,94.44
82031,Льва Лолстого,ул. Льва Лолстого,Льва Толстого,92.31
82074,Добровольская,ул. Добровольская,Добровольческая,92.86
82077,Добросельская,ул. Добросельская,Новосельская,80.0
82146,Мечнгикова,ул. Мечнгикова,Мечникова,94.74
82262,Мукайская,ул. Мукайская,Майская,87.5
82345,Кутузовская,ул. Кутузовская,Кутузова,84.21
82372,Островскрого,ул. Островскрого,Островского,95.65
82449,Федосеенк,ул. Федосеенк,Федосеенко,94.74
82571,Малахова,ул. Малахова,Малова,85.71
82576,олотникова,ул. Олотникова,Плотникова,90.0
82692,павла мочалова,ул. Павла мочалова,Павла Мочалова,92.86
82836,Байкальская,ул. Байкальская,Забайкальская,83.33
82850,Гаревая,ул. Гаревая,Грушевая,80.0
82852,Голева,ул. Голева,Голубева,85.71
82862,Кироава,ул. Кироава,Кирова,92.31
82898,К.Либкиехта,ул. К.Либкиехта,К.Либкнехта,90.91
82927,К.Перовского,ул. К.Перовского,Петровского,86.96
82930,2-я Пролетарская,ул. 2-я Пролетарская,Пролетарская,85.71
82974,Загорная,ул. Загорная,Загородная,88.89
82987,60 лет Победы,ул. 60 лет Победы,40 лет Победы,92.31
83080,р-кт Кораблестроителей,ул. Р-кт Кораблестроителей,Кораблестроителей,87.18
83224,Попедная,ул. Попедная,Победная,87.5
83306,Ярославка,ул. Ярославка,Ярославская,90.0
83333,Сетрорецкая,ул. Сетрорецкая,Петродворецкая,80.0
83408,Евгения Николаевна,ул. Евгения Николаевна,Евгения Никонова,82.35
83465,Черкасская,ул. Черкасская,Черкесская,90.0
83476,Коробкова,ул. Коробкова,Корякова,82.35
83480,прос.50 лет Октября,ул. Прос.50 лет Октября,50 лет Октября,84.85
83501,Поспелова,ул. Поспелова,Попова,80.0
83503,Милецейская,ул. Милецейская,Милицейская,90.91
83504,Лагуновская,ул. Лагуновская,Пановская,80.0
83520,линия 27 я,ул. Линия 27 я,Линия 2-я,84.21
83539,Ульяновский пр,пр-кт Ульяновский,пр-т Ульяновский,91.67
83544,Славянка,ул. Славянка,Славянская,88.89
83561,Челябинская,ул. Челябинская,Белинская,80.0
83657,2я Лесная,ул. 2я Лесная,2-я Лесная,94.74
83699,Рыбаковская,ул. Рыбаковская,Рабфаковская,86.96
83713,Бобкова,ул. Бобкова,Бочкова,85.71
83720,К.Беляева,ул. К.Беляева,Беляева,87.5
83734,Карбыщева,ул. Карбыщева,Карбышева,88.89
83743,11 линия,ул. 11 линия,1 линия,93.33
83758,Мотеростроителей,ул. Мотеростроителей,Моторостроителей,93.75
83768,Кубанская,ул. Кубанская,Кузбасская,84.21
83775,Каквинская,ул. Каквинская,Канавинская,85.71
83868,2-я Производственная,ул. 2-я Производственная,2 Производственная,94.74
83925,Молодежнаяя,ул. Молодежнаяя,Молодежная,95.24
83972,Каменная,ул. Каменная,Каменская,82.35
83990,Поленова,ул. Поленова,Ползунова,82.35
84219,Братьев Ханаповых,ул. Братьев Ханаповых,Братьев Игнатовых,82.35
84222,Таманская,ул. Таманская,Таганская,88.89
84246,Залесовая,ул. Залесовая,Залесная,82.35
84247,Совхоз,ул. Совхоз,Совхозная,80.0
84364,пр-кт Ульяновский,пр-кт Ульяновский,пр-т Ульяновский,91.67
84369,Зеновая,ул. Зеновая,Зернова,85.71
84372,Ледовская,ул. Ледовская,Линдовская,84.21
84375,пр.Ульяновкий,пр-кт Ульяновкий,пр-т Ульяновский,86.96
84437,Барабанова,ул. Барабанова,Баранова,88.89
84475,Трековская,ул. Трековская,Третьяковская,86.96
84639,Сормовскае шоссе,ш. Сормовскае,Сормовское шоссе,90.0
84840,Западный обход,ул. Западный обход,Западный городок,80.0
84928,пр.Ленин.Комсомола,пр-кт Ленин.Комсомола,пр.Лен.Комсомола,92.86
84977,Р.Удриса,ул. Р.Удриса,Удриса,85.71
85085,Красных Зозь,ул. Красных Зозь,Красных Зорь,91.67
85217,пр.К.Рачкова,пр-кт К.Рачкова,пр.кап.Рачкова,90.0
85510,Героев пр-т,пр-кт Героев -т,пр-кт Героев,80.0
85519,Героя Совет.Союза Бахтина,ул. Героя Совет.Союза Бахтина,Героя Советского Союза Бахтина,87.27
85569,11-я линия,ул. 11-я линия,1-я линия,94.74
85586,пр-т Бусыгина,пр-кт Т Бусыгина,пр.Бусыгина,88.89
85594,Мостооряд п,пос. Мостооряд,пос.Мостоотряд,94.74
85694,Ст. пески,ул. Ст. пески,Ст.Пески,82.35
85698,Катерная,ул. Катерная,Карьерная,82.35
85754,Подворнвая,ул. Подворнвая,Подворная,94.74
85790,Лениена пр-кт,пр-кт Лениена,пр.Ленина,92.31
85837,13-я линия,ул. 13-я линия,1-я линия,94.74
85855,Ячсная,ул. Ячсная,Ясная,90.91
85874,Мельничный пер.,пер. Мельничный,пер.Больничный,80.0
85887,Сергея акимова,ул. Сергея акимова,Сергея Акимова,92.86
85990,Дружба кв,ул. Дружба кв,Дружба,80.0
86022,Лобаческого,ул. Лобаческого,Лобачевского,95.65
86082,Лениа пр,пр-кт Лениа,пр.Ленина,90.91
86119,Барнеца,ул. Барнеца,Баренца,85.71
86320,Бутлерово,ул. Бутлерово,Бутлерова,88.89
86816,Овощная,ул. Овощная,Обводная,80.0
87184,Н.Суслововй,ул. Н.Суслововй,Н.Сусловой,95.24
87222,Шохина,ул. Шохина,Шорина,83.33
87224,Лучинская,ул. Лучинская,Лунская,87.5
87255,Кркстьянская,ул. Кркстьянская,Крестьянская,91.67
87257,Родимова,ул. Родимова,Родионова,82.35
87426,Ульяновск,ул. Ульяновск,Ульяновская,90.0
87499,1-ый микрорайон,мкр. 1-ый,МКР 1-й,85.71
87815,бульв. 60-летия Октября,ул. Бульв. 60-летия Октября,60-летия Октября,82.05
87831,пр-ктБусыгина,пр-кт КтБусыгина,пр.Бусыгина,88.89
88082,сполкома,ул. Сполкома,ул.Исполкома,82.35
88123,Марата,ул. Марата,8Марта,83.33
88322,кв Северный,ул. Кв Северный,кв-л Северный,91.67
88460,Героя Советского Союза Поющего,ул. Героя Советского Союза Поющего,Героя Советского Союза Поющева,93.33
88541,Ляхановка,ул. Ляхановка,Ляхова,80.0
88702,Чекунова,ул. Чекунова,Чернова,80.0
88718,Панковая,ул. Панковая,Парковая,87.5
88721,Парковская,ул. Парковская,Парковая,88.89
88792,Нпродная,ул. Нпродная,Народная,87.5
88802,пр-кт Кораблкстроитклей,пр-кт Кораблкстроитклей,пр-кт Кораблестроитлей,90.91
88957,Им.Мельникова-Печерского,ул. Им.Мельникова-Печерского,Мельникова-Печерского,93.33
89014,Им Фадеева,ул. Им Фадеева,Фадеева,82.35
89041,Борадина,ул. Борадина,Бородина,87.5
89057,Георя Рябцева,ул. Георя Рябцева,Героя Рябцева,92.31
89108,Федосеено,ул. Федосеено,Федосеенко,94.74
89207,Провиантная,ул. Провиантная,Провиантская,86.96
89473,Им Тимирязева,ул. Им Тимирязева,Тимирязева,86.96
89674,Кадамовская,ул. Кадамовская,Касимовская,81.82
89710,3 Интернационал,ул. 3 Интернационал,Интернациональная,81.25
89712,Медицынская,ул. Медицынская,Медицинская,90.91
89764,"СНТ ""Мечта""","СНТ ""Мечта""",снт Мечта,83.33
89770,имени генерала Ивлиева И.Д.14к,д. Имени генерала Ивлиева И.14к,имени Генерала Ивлиева И.Д.,88.46
89855,Волжанская,ул. Волжанская,Должанская,90.0
90214,Союзнй пр-кт,пр-кт Союзнй,пр-кт Союзный,92.31
90402,Я.Петрова,ул. Я.Петрова,Петрова,87.5
90453,Премудрва,ул. Премудрва,Премудрова,94.74
90584,линия 6-я,ул. Линия 6-я,Линия 2-я,88.89
90619,Знаменка,ул. Знаменка,Знаменская,88.89
90738,Биробиджаеская,ул. Биробиджаеская,Биробиджанская,92.86
90778,Сл.Александровская,ул. Сл.Александровская,Александровская,90.91
90793,Бермская,ул. Бермская,Пермская,87.5
90807,Щербинки-1Мкр,ул. Щербинки-1Мкр,Щербинки-1мкр.,92.31
90824,пр-ктСвердлова,пр-кт КтСвердлова,пр-кт Свердлова,90.0
90833,б.Космонавтов,ул. Б.Космонавтов,Космонавтов,91.67
90875,Шахтеров,ул. Шахтеров,Вахтерова,82.35
91103,Генерала Чумаченко,ул. Генерала Чумаченко,Генерала Штеменко,80.0
91309,Ианова,ул. Ианова,Иванова,92.31
91320,1-ая Лесная,ул. 1-ая Лесная,1-я Лесная,95.24
91415,пр.Циолковкого,пр-кт Циолковкого,пр.Циолковского,95.65
91457,Ф.Удриса,ул. Ф.Удриса,Удриса,85.71
91529,Маршало Казакова,ул. Маршало Казакова,Маршала Казакова,93.75
91562,Циолковскогопр-кт,ул. Циолковскогопр-кт,Циолковского,82.76
91565,Орлова,ул. Орлова,Орловская,80.0
91615,Дексабристов,ул. Дексабристов,Декабристов,95.65
91673,Воиская,ул. Воиская,Воинская,93.33
91732,им.гароя Давыдова,ул. Им.гароя Давыдова,Им.Героя Давыдова,88.24
91741,Кадышевская,ул. Кадышевская,Малышевская,81.82
91827,Пр-т Бусыгина,пр-кт Т Бусыгина,пр.Бусыгина,88.89
91883,Баидукова,ул. Баидукова,Байдукова,88.89
91923,им.Чкалова,ул. Им.Чкалова,Чкалова,82.35
92026,Протетарская,ул. Протетарская,Пролетарская,91.67
92049,Гребешковой откос,ул. Гребешковой откос,Гребешковский откос,88.89
92131,им.Маршала Рокоссовского,ул. Им.Маршала Рокоссовского,Маршала Рокоссовского,93.33
92136,Чукотсккая,ул. Чукотсккая,Чукотская,94.74
92152,Березовая Пойма,ул. Березовая Пойма,Березовая роща,82.76
92244,Мелькова-Печерского,ул. Мелькова-Печерского,Мельникова-Печерского,95.0
92254,Щербинки 1мкр,ул. Щербинки 1мкр,Щербинки-1мкр.,92.31
92624,окроусова,ул. Окроусова,Мокроусова,84.21
92685,Кирьянова,ул. Кирьянова,Кирова,80.0
92830,Молодежная 2-я,ул. Молодежная 2-я,Молодежная,83.33
92903,Культкры,ул. Культкры,Культуры,87.5
93182,Ухтумского,ул. Ухтумского,Ухтомского,90.0
93338,Мросковское шоссе,ш. Мросковское,Московское шоссе,95.24
93340,Ф.Энегельса,ул. Ф.Энегельса,Ф.Энгельса,95.24
93359,пр-кт Герев,пр-кт Герев,пр-кт Героев,90.91
93374,Городская,ул. Городская,Горская,87.5
93383,Петроищева,ул. Петроищева,Петрищева,94.74
93412,Щербаковская,ул. Щербаковская,Щербакова,85.71
93466,Адмирала Сизова,ул. Адмирала Сизова,Адмирала Нахимова,81.25
93530,Профильная,ул. Профильная,Привольная,80.0
93558,Рионская,ул. Рионская,Рыбинская,82.35
93921,Судостроителей,ул. Судостроителей,Строителей,83.33
93939,Академика Макарова,ул. Академика Макарова,Академика Сахарова,88.89
93988,Новая линия-2,ул. Новая линия-2,Новая линия,91.67
94007,Энгльса,ул. Энгльса,Энгельса,93.33
94021,1ая Оранжерейная,ул. 1ая Оранжерейная,1-я Оранжерейная,93.75
94280,тер.СНТ Сокол сад№4,СНТ Тер. Сокол сад№4,тер.СНТ Сокол сад№1,93.75
94325,Светлярская,ул. Светлярская,Светлоярская,95.65
94347,Героя Советского Союза Василье,ул. Героя Советского Союза Василье,Героя Советского Союза Бахтина,83.33
94429,Зоовражная,ул. Зоовражная,Заовражная,90.0
94503,Маршала Багромяна,ул. Маршала Багромяна,Маршала Баграмяна,94.12
94506,Генерала Марчелова,ул. Генерала Марчелова,Генерала Маргелова,94.44
94570,им.Урицкого,ул. Им.Урицкого,Урицкого,84.21
94673,чекунова,ул. Чекунова,Чернова,80.0
94793,Гер.Космова,ул. Гер.Космова,Гер.Космоса,90.91
95040,пр-т Революции,пр-кт Т Революции,пр.Революции,90.0
95165,Степанца,ул. Степанца,Степная,80.0
95257,Арсеньевка,ул. Арсеньевка,Арсеньева,94.74
95267,Цолковского,ул. Цолковского,Циолковского,95.65
95680,Л-Чайкиной,ул. Л-Чайкиной,Л.Чайкиной,90.0
95946,"снт ""Мечта""","СНТ ""Мечта""",снт Мечта,83.33
96024,п-кт Героев,пос. Кт Героев,П. Героев,80.0
96037,Луговя,ул. Луговя,Луговая,92.31
96048,Ген.Самочкина,ул. Ген.Самочкина,Гер.Самочкина,92.31
96156,Новя,ул. Новя,Новая,88.89
96627,Новобазарная,ул. Новобазарная,Новозапрудная,80.0
96635,2мик-он,ул. 2мик-он,2 мик-он,93.33
96763,15 лет Октября,ул. 15 лет Октября,50 лет Октября,92.86
96793,Балахнинский,ул. Балахнинский,Балахнинская,83.33
96855,Ефремова17,ул. Ефремова17,Ефремова,88.89
97031,Старикова,ул. Старикова,Старчикова,94.74
97043,Георев космоса,ул. Георев космоса,Героев космоса,92.86
97103,Мочегорская,ул. Мочегорская,Мончегорская,95.65
97120,Полбедная,ул. Полбедная,Победная,94.12
97264,Вярхоянская,ул. Вярхоянская,Верхоянская,90.91
97317,3 Вокзальная,ул. 3 Вокзальная,Вокзальная,90.91
97387,8-я Турнирная,ул. 8-я Турнирная,Турнирная,81.82
97411,Стадионная,ул. Стадионная,Станционная,85.71
97415,Головачева,ул. Головачева,Голованова,80.0
97419,Октярьская,ул. Октярьская,Октябрьская,95.24
97443,пр-кт Октяьря,пр-кт Октяьря,пр-кт Октября,85.71
97541,Бородинская,ул. Бородинская,Бородина,84.21
97546,1-я Песчаная,ул. 1-я Песчаная,1-я Лесная,81.82
97549,Горбатовка,ул. Горбатовка,Горбатовская,90.91
97561,пр-ктСоюзный,пр-кт КтСоюзный,пр кт Союзный,94.74
97596,Бюерезовская,ул. Бюерезовская,Березовская,95.65
97724,В.Смирнова,ул. В.Смирнова,Ю.Смирнова,90.0
97932,Культыры,ул. Культыры,Культуры,87.5
97990,Арефьева,ул. Арефьева,Арсеньева,82.35
98010,13 Гвардейская,ул. 13 Гвардейская,Гвардейская,88.0
98076,Б.Зеленый,ул. Б.Зеленый,Б.Юбелейный,80.0
98131,Молчанова,ул. Молчанова,Мочалова,82.35
98190,Московскоеи шосе,ул. Московскоеи шосе,ул.Московское шоссе,93.75
98192,Винновская,ул. Винновская,Линдовская,80.0
98211,пр-к Союзный,пр-кт К Союзный,пр кт Союзный,94.74
98241,Сомовское ш.,ш. Сомовское,Сормовское шоссе,94.74
98571,Тарасова,ул. Тарасова,Саврасова,82.35
98651,Пролетпрская,ул. Пролетпрская,Пролетарская,91.67
98662,Культцры,ул. Культцры,Культуры,87.5
98671,Гвардейев,ул. Гвардейев,Гвардейцев,94.74
98709,Узольская,ул. Узольская,Вольская,82.35
98749,А.Макарова,ул. А.Макарова,А. Макарова,95.24
98780,40 лнт Октября,ул. 40 лнт Октября,40 лет Октября,92.86
98807,3 Интернационала,ул. 3 Интернационала,Интернациональная,84.85
98851,Им.Менделеева,ул. Им.Менделеева,Менделеева,86.96
98865,Литевская,ул. Литевская,Киевская,82.35
98876,Семенова,ул. Семенова,Сеченова,87.5
98929,Подборная,ул. Подборная,Подворная,88.89
98953,Сельсоветская,ул. Сельсоветская,Советская,81.82
99020,им.Генерала клюева,ул. Им.Генерала клюева,им.Генерала Клюева,94.44
99033,Стрелецкая,ул. Стрелецкая,Стрелка,82.35
99052,Б.кузнечная,ул. Б.кузнечная,Б.Кузнечная,90.91
99067,Пер.Качатский,пер. Качатский,пер.Камчатский,94.74
99068,Шверникова,ул. Шверникова,Шверника,88.89
99168,им.Мичурина,ул. Им.Мичурина,Мичурина,84.21
99217,10А,ул. 10А,10,80.0
99272,Терская,ул. Терская,Тверская,93.33
99320,Собзный пр,пр-кт Собзный,пр-кт Союзный,85.71
99347,7-я Северная,ул. 7-я Северная,9-я Северная,91.67
99405,Краснослободская,ул. Краснослободская,Красносормовская,81.25
99435,1 производственная,ул. 1 производственная,2 Производственная,88.89
99442,Им.Гастелло,ул. Им.Гастелло,Н.Гастелло,85.71
99562,раснозвездная,ул. Раснозвездная,Краснозвездная,88.89
99643,Логинова,ул. Логинова,Леонова,80.0
99747,Им.С.Четверикова,ул. Им.С.Четверикова,Четверикова,81.48
99884,8 линия,ул. 8 линия,2 линия,85.71
99897,Тер.СНТ Сокол №4,СНТ Тер. Сокол №4,тер.СНТ Сокол сад№1,82.76
99906,Рожденская,ул. Рожденская,Рождественская,83.33
100139,Орджоникижзе,ул. Орджоникижзе,Орджоникидзе,91.67
100337,А.Крупинова,ул. А.Крупинова,Крупнова,84.21
100374,Пиорогова,ул. Пиорогова,Пирогова,94.12
100383,В.Донская,ул. В.Донская,Воинская,82.35
100423,Молодежная7,ул. Молодежная7,Молодежная,95.24
100645,Поломская,ул. Поломская,Хохломская,84.21
100650,Макаревского,ул. Макаревского,Маковского,81.82
100779,113,ул. 113,11,80.0
100880,им героя Давыдова,ул. Им героя Давыдова,Им Героя Давыдова,94.12
100914,Отломская,ул. Отломская,Омская,80.0
101018,Крисанова,ул. Крисанова,Крановая,82.35
101257,Стаханова,ул. Стаханова,Стахановская,85.71
101267,Дмитрия Паловна,ул. Дмитрия Паловна,Дмитрия Павлова,93.33
101286,2-ая Максима Горького,ул. 2-ая Максима Горького,Максима Горького,86.49
101326,Воробьевская,ул. Воробьевская,Воробьева,85.71
101336,М.орького,ул. М.орького,М.Горького,94.74
101352,Леспромхозная,ул. Леспромхозная,Леспромхозовская,82.76
101366,3-х Коммунистов,ул. 3-х Коммунистов,3 Коммунистов,92.86
101854,Пр-кт Молодедный,пр-кт Молодедный,пр-кт Молодежный,90.0
101856,Родникова,ул. Родникова,Родниковая,94.74
101920,кв-л Молодежный,ул. Кв-л Молодежный,Молодежный,80.0
102049,Галушкина,ул. Галушкина,Галкина,87.5
102112,Механизатов,ул. Механизатов,Механизаторов,91.67
102131,Микрор.Гоголя,ул. Микрор.Гоголя,Микр. Гоголя,88.0
102234,Бирюкова,ул. Бирюкова,Брюсова,80.0
102238,пр-д Ярморочный,пр-кт Д Ярморочный,пр-д Ярмарочный,91.67
102258,2А линия,ул. 2А линия,2 линия,93.33
102301,Анапская,ул. Анапская,Ангарская,82.35
102366,Крупинова,ул. Крупинова,Крупнова,94.12
102416,Боня-Бруевича,ул. Боня-Бруевича,Бонч-Бруевича,92.31
102511,Евгения никонова,ул. Евгения никонова,Евгения Никонова,93.75
102528,Железнодорожный,ул. Железнодорожный,Железнодорожная,86.67
102533,Автостроителей,ул. Автостроителей,Мостостроителей,82.76
102830,"Дубравная, 3лин.","ул. Дубравная, 3лин",Дубравная 3линия,90.32
102851,Гер.Юр.Смирнова,ул. Гер.Юр.Смирнова,Героя Ю.Смирнова,83.87
102908,Замкнутная,ул. Замкнутная,Замкнутая,94.74
103108,Тер. СНТ Сокол Сад №1,СНТ Тер.  Сокол Сад №1,тер.СНТ Сокол сад№1,88.24
103114,Им.Янки Купалы,ул. Им.Янки Купалы,Янки Купалы,88.0
103118,Назарова,ул. Назарова,Нартова,80.0
103141,пр-кт Корараблестроителей,пр-кт Корараблестроителей,пр-кт Кораблестроителей,94.44
103923,4-я Прокатная,ул. 4-я Прокатная,Прокатная,81.82
104048,пер.Песчаный,пер. Песчаный,пер.Песочный,87.5
104080,Маршала Василевского,ул. Маршала Василевского,Маршала Малиновского,80.0
104114,Карламаркса,ул. Карламаркса,Карла Маркса,86.96
104164,Ванева,ул. Ванева,Ванеева,92.31
104225,Гер.Сафронова,ул. Гер.Сафронова,Героя Сафронова,85.71
104276,Кабанова,ул. Кабанова,Кабакова,87.5
104300,Площ.Нефтяников,ул. Площ.Нефтяников,Нефтяников,80.0
104347,Колодезная,ул. Колодезная,Колхозная,84.21
104476,пр-т Музрукова,пр-кт Т Музрукова,пр.Музрукова,90.0
104718,Лесхозная,ул. Лесхозная,Лесхозская,84.21
104726,Генерала Тюленева,ул. Генерала Тюленева,Генерала Клюева,81.25
104727,Псковская,ул. Псковская,Московская,84.21
104741,11-Парковая,ул. 11-Парковая,Парковая,84.21
104807,Вячеслава Шишкина,ул. Вячеслава Шишкина,Вячеслава Шишкова,88.24
104874,Аэродроиная,ул. Аэродроиная,Аэродромная,90.91
104996,лн. 12-я,ул. Лн. 12-я,Лн. 9-я,80.0
104997,3-Интернационала,ул. 3-Интернационала,Интернациональная,84.85
105171,Львоская,ул. Львоская,Львовская,94.12
105219,2-ая Экономическая,ул. 2-ая Экономическая,1-ая Экономическая,94.44
105408,Маршала Рокоссовского К.Н.,ул. Маршала Рокоссовского К.Н,Маршала Рокоссовского,91.3
105485,Вожд. Революции,ул. Вожд. Революции,Вождей Революции,90.32
105494,Печерская,ул. Печерская,В.Печерская,90.0
105503,Банановая,ул. Банановая,Баранова,82.35
105620,Туманова,ул. Туманова,Фурманова,82.35
105758,пр-т Кораблестпоителей,пр-кт Т Кораблестпоителей,пр-т Кораблестроителей,94.74
105824,Ветлянская,ул. Ветлянская,Ветлужская,80.0
106030,Менчегорская,ул. Менчегорская,Мончегорская,91.67
106115,Совхоная,ул. Совхоная,Совхозная,94.12
106140,Гордннвская,ул. Гордннвская,Гордеевская,81.82
106270,Евсеева,ул. Евсеева,Елисеева,80.0
106342,Саврвсова,ул. Саврвсова,Саврасова,88.89
106502,2 микр-он,ул. 2 микр-он,2 мик-он,94.12
106586,Пекова,ул. Пекова,Пешкова,92.31
106791,им.Кирова,ул. Им.Кирова,Кирова,80.0
106852,6 -ой микрорайон,мкр. 6 -ой,6-ой Микрорайон,88.89
107140,Им.Л.Чайкиной,ул. Им.Л.Чайкиной,Л.Чайкиной,86.96
107160,Пижемская,ул. Пижемская,Пермская,82.35
107206,Линия 19-я,ул. Линия 19-я,Линия 1-я,94.74
107214,Проходная,ул. Проходная,Пригородная,80.0
107272,Культурф,ул. Культурф,Культуры,87.5
107465,Дубравная 10-я линия,ул. Дубравная 10-я линия,Дубравная 10 линия,94.74
107505,Лкнская,ул. Лкнская,Лунская,85.71
107560,им Свердлова,ул. Им Свердлова,Свердлова,85.71
107658,мкр.Юго-Восточный,мкр. Юго-Восточный,МКР Восточный,81.82
107742,тер.СНТ Сокол сад №3,СНТ Тер. Сокол сад №3,тер.СНТ Сокол сад№1,90.91
107761,Еременко,ул. Еременко,Ефременко,94.12
108065,1 Оранжерейная,ул. 1 Оранжерейная,1-я Оранжерейная,93.33
108128,Кишнеская,ул. Кишнеская,Кишиневская,90.0
108151,Комбрина Патоличева,ул. Комбрина Патоличева,Комбрига Патоличева,94.74
108332,Им.Кирова,ул. Им.Кирова,Кирова,80.0
108370,Локинская,ул. Локинская,Тонкинская,84.21
108374,Батракова,ул. Батракова,Баранова,82.35
108678,Школьня,ул. Школьня,Школьная,93.33
108972,Линия1,ул. Линия1,Линия 1-я,80.0
109047,Ш.Московскок,ш. Московскок,Московское шоссе,90.0
109192,Юрина,ул. Юрина,Юринова,83.33
109502,Ключево,ул. Ключево,Ключевая,80.0
109646,Федосеенко в/ч,ул. Федосеенко в/ч,Федосеенко,83.33
109711,им.Маршала Малиновского,ул. Им.Маршала Малиновского,Маршала Малиновского,93.02
109982,Е.Пугачева,ул. Е.Пугачева,Пугачева,88.89
110163,Богтырская,ул. Богтырская,Богатырская,95.24
110232,им.маршала Рокоссовского,ул. Им.маршала Рокоссовского,Маршала Рокоссовского,88.89
110313,Костромская,ул. Костромская,Кстовская,80.0
110460,85-я Гвардейская,ул. 85-я Гвардейская,Гвардейская,81.48
110495,Минусинская,ул. Минусинская,Мичуринская,81.82
110611,95-й Гвардейской,ул. 95-й Гвардейской,51-й Гвардейской,93.75
110646,Раевскго,ул. Раевскго,Раевского,94.12
110662,Парышевская,ул. Парышевская,Малышевская,81.82
110709,Домостроителей,ул. Домостроителей,Мостостроителей,82.76
110882,11-я Северная,ул. 11-я Северная,9-я Северная,88.0
111004,пр-кт 70 Октября,пр-кт 70 Октября,пр-т Октября,84.21
111011,Впсилия Иванова,ул. Впсилия Иванова,Василия Иванова,93.33
111066,2-я Экономическая,ул. 2-я Экономическая,1-я Экономическая,94.12
111112,Коасных зорь,ул. Коасных зорь,Красных зорь,91.67
111120,им.Генерала Карбышева,ул. Им.Генерала Карбышева,им.Генерала Клюева,82.05
111149,Центральнгая,ул. Центральнгая,Центральная,95.65
111173,Алексеевка-3,ул. Алексеевка-3,Алексеева,85.71
111232,Лиза Чайкиной,ул. Лиза Чайкиной,Лизы Чайкиной,92.31
111333,3 Коминтерна,ул. 3 Коминтерна,Коминтерна,90.91
111899,Смирновская,ул. Смирновская,Смирнова,84.21
112184,1-я Ленинградскя,ул. 1-я Ленинградскя,Ленинградская,82.76
112285,Димитриева,ул. Димитриева,Димитрова,84.21
112310,им.Крупнова,ул. Им.Крупнова,Крупнова,84.21
112360,Зубриловка,ул. Зубриловка,Зубрилова,94.74
112366,"пос.""Звезда""","пос. ""Звезда""",пос.Звезда,85.71
112481,Ефима Рубиничка,ул. Ефима Рубиничка,Ефима Рубинчика,93.33
112543,Лебедянская,ул. Лебедянская,Лубянская,80.0
112591,тер.СНТ Сокол сад№3,СНТ Тер. Сокол сад№3,тер.СНТ Сокол сад№1,93.75
112641,Теннисная,ул. Теннисная,Тенистая,82.35
112654,Войлочная,ул. Войлочная,Волочильная,80.0
112688,им Крупнова,ул. Им Крупнова,Крупнова,84.21
112834,Озерная4-я,ул. Озерная4-я,Озерная 4-я,95.24
112839,Ст. Разина,ул. Ст. Разина,Ст.Разина,94.74
112857,Лесхоза,ул. Лесхоза,Лесхозская,82.35
112865,Новикова_Прибоя,ул. Новикова_Прибоя,Новикова-Прибоя,93.33
113176,Ст. Грачева,ул. Ст. Грачева,Ст.Грачева,95.24
113250,Новогиреевская,ул. Новогиреевская,Новогорская,80.0
113252,Космическя,ул. Космическя,Космическая,95.24
113331,Кишневская,ул. Кишневская,Кишиневская,95.24
113779,50 лет СССР,ул. 50 лет СССР,50лет СССР,95.24
113792,Школьная 5-я,ул. Школьная 5-я,Школьная,80.0
113843,Пр-ки Кораблестроителей,пр-кт Ки Кораблестроителей,пр кт Кораблестроителей,95.0
113846,Старовская,ул. Старовская,Стахановская,81.82
113889,Им.Беринга,ул. Им.Беринга,Беринга,82.35
113950,Ульяновка,ул. Ульяновка,Ульянова,94.12
113998,оветская,ул. Оветская,Советская,82.35
114080,Кузнецовская,ул. Кузнецовская,Кузнецкая,85.71
114107,Достоевская,ул. Достоевская,Ростовская,85.71
114128,пр-рк Кораблестроителей,пр-кт Рк Кораблестроителей,пр-т Кораблестроителей,92.31
114275,Горюнова,ул. Горюнова,Горбунова,82.35
114287,Куйбышевская,ул. Куйбышевская,Куйбышева,85.71
114313,2-я Школьная,ул. 2-я Школьная,Школьная,80.0
114423,6-я Северная,ул. 6-я Северная,9-я Северная,91.67
114448,Асилия Иванова,ул. Асилия Иванова,Василия Иванова,89.66
114495,имени Маршала Рокссовского,ул. Имени Маршала Рокссовского,Имени Маршала Рокоссовского К.,94.55
114515,Сявская,ул. Сявская,Свирская,80.0
114688,Горовецкая,ул. Горовецкая,Гороховецкая,90.91
114792,Березевская,ул. Березевская,Березовская,90.91
114823,линия-2я,ул. Линия-2я,Линия 2-я,82.35
115256,Имени Героя Давыдова,ул. Имени Героя Давыдова,Им Героя Давыдова,91.89
115655,Каховка,ул. Каховка,Каховская,87.5
115767,Композитора Кастянова,ул. Композитора Кастянова,Композитора Касьянова,95.24
115904,Мересьева,ул. Мересьева,Маресьева,88.89
115957,Крсных зорь,ул. Крсных зорь,Красных зорь,95.65
116298,героя советского союза поющева,ул. Героя советского союза поющева,Героя Советского Союза Поющева,90.0
116310,Гурова,ул. Гурова,Журова,83.33
116582,Озерная1-я,ул. Озерная1-я,Озерная 1-я,95.24
116589,им.Сергея Есенина,ул. Им.Сергея Есенина,Сергея Есенина,90.32
116619,тер.СНТ Сокол Сад 3,СНТ Тер. Сокол Сад 3,тер.СНТ Сокол сад№1,81.25
116886,Нарродная,ул. Нарродная,Народная,94.12
117089,Изюминская,ул. Изюминская,Изюмская,88.89
117154,Героя советского союза Прыгуно,ул. Героя советского союза Прыгуно,Героя Советского Союза Прыгуно,93.33
117325,Пепкинская,ул. Пепкинская,Пушкинская,80.0
117574,ст. Грачева,ул. Ст. Грачева,Ст.Грачева,95.24
117615,б-р Юилейный,б-р Юилейный,Юбилейный б-р,94.12
117688,Лн. 11-я,ул. Лн. 11-я,Лн. 9-я,80.0
117708,Полынковская,ул. Полынковская,Пулковская,81.82
117748,2-я Комфортная,ул. 2-я Комфортная,1-я Комфортная,92.86
117761,пр. кап. Рачкова,пр-кт Кап. Рачкова,пр.кап.Рачкова,95.65
117914,пер.Вокзальный,пер. Вокзальный,пер.Вольный,82.35
117999,Вороштлова,ул. Вороштлова,Ворошилова,90.0
118016,Героя Космоса,ул. Героя Космоса,Гер Космоса,91.67
118029,Ефима Рубинчикова,ул. Ефима Рубинчикова,Ефима Рубинчика,93.75
118030,Композитарская,ул. Композитарская,Композиторская,92.86
118036,пр-д Бупнаковский,пр-кт Д Бупнаковский,пр-д Бурнаковский,92.86
118084,Лесорубов,ул. Лесорубов,Лесоруба,82.35
118114,пгт Торфосклад,ул. Пгт Торфосклад,ПГТ Торфосклад,85.71
118117,Почаинский Овраг,ул. Почаинский Овраг,Почаинский овраг,93.75
118171,50 лет октября,ул. 50 лет октября,50 лет Октября,92.86
118212,Куйбышевс,ул. Куйбышевс,Куйбышева,88.89
118227,Коминтерн,ул. Коминтерн,Коминтерна,94.74
118271,Гордеевскя,ул. Гордеевскя,Гордеевская,95.24
118280,б-р Юбилейзый,б-р Юбилейзый,Юбилейный б-р,88.89
118344,пр-кт Кораблестроителей пр-т,пр-кт Кораблестроителей -т,пр-кт Кораблестроителей,91.89
118370,линия 14-я,ул. Линия 14-я,Линия 1-я,94.74
118404,Наб. Ваожская,наб. Ваожская,Волжская Набережная,87.5
118427,Поповка,ул. Поповка,Попова,92.31
118464,Косонавтов,ул. Косонавтов,Космонавтов,95.24
118492,пер. Комчатсий,пер. Комчатсий,пер.Камчатский,84.21
118508,Комитеткая,ул. Комитеткая,Комитетская,95.24
118700,Гугеля,ул. Гугеля,Гаугеля,92.31
118783,Дмитровская,ул. Дмитровская,Кировская,80.0
119030,Максима Горькова,ул. Максима Горькова,Максима Горького,87.5
119072,Вандышевская,ул. Вандышевская,Ландышевая,81.82
119081,тер. СНТ Сокол сад №1,СНТ Тер.  Сокол сад №1,тер.СНТ Сокол сад№1,94.12
119097,Поедная,ул. Поедная,Победная,93.33
119155,Железнодорожников,ул. Железнодорожников,Железнодорожная,81.25
119163,Лядов,ул. Лядов,Лядова,90.91
119166,Ив.Чугунова,ул. Ив.Чугунова,Чугунова,84.21
119179,Кооператтвная,ул. Кооператтвная,Кооперативная,92.31
119373,Курыжева,ул. Курыжева,Курыжова,87.5
119386,Жарова,ул. Жарова,Журова,83.33
119399,Сободы,ул. Сободы,Свободы,92.31
119424,Шоссейня,ул. Шоссейня,Шоссейная,94.12
119472,8 Мата,ул. 8 Мата,8 Марта,92.31
119516,Динмическая,ул. Динмическая,Динамическая,95.65
119553,Куйышева,ул. Куйышева,Куйбышева,94.12
119555,Евгений Никонова,ул. Евгений Никонова,Евгения Никонова,93.75
119609,наб. им Федоровского,наб. Им Федоровского,Наб.Федоровского,88.89
119681,Симонова,ул. Симонова,Ситнова,80.0
119721,Волжкий Рейд,ул. Волжкий Рейд,Волжский рейд,88.0
119770,Кузнечиха,ул. Кузнечиха,дер.Кузнечиха,81.82
119835,Подворников,ул. Подворников,Подводников,90.91
119909,Мироновка,ул. Мироновка,Мирошникова,80.0
119942,Сосновская,ул. Сосновская,Сосновая,88.89
120028,имени Героя Давыдова,ул. Имени Героя Давыдова,Им Героя Давыдова,91.89
120090,Нагатинская,ул. Нагатинская,Нагулинская,81.82
120187,Вишенская,ул. Вишенская,Воинская,82.35
120226,Теоеграфная,ул. Теоеграфная,Телеграфная,90.91
120298,Борунская,ул. Борунская,Борская,87.5
120318,Ильинка,ул. Ильинка,Ильинская,87.5
120324,Нагорная 2-я,ул. Нагорная 2-я,Нагорная,80.0
120340,Митинская,ул. Митинская,Читинская,88.89
120358,Жаркова,ул. Жаркова,Парковая,80.0
120393,Садовя,ул. Садовя,Садовая,92.31
120395,Амурская,ул. Амурская,Курская,80.0
120459,Сосинская,ул. Сосинская,Воинская,82.35
120489,Союный пр,пр-кт Союный,пр-кт Союзный,92.31
120540,Саратовская,ул. Саратовская,Мартовская,85.71
120577,Сутягино,ул. Сутягино,Сутягина,87.5
120682,Сенявина,ул. Сенявина,Синявина,87.5
120722,Озерная 6-линия,ул. Озерная 6-линия,Озерная 6 линия,93.33
120793,Прудская,ул. Прудская,Пырская,80.0
120848,Болтоная,ул. Болтоная,Болотная,87.5
120868,пр-д Ярмарочная,пр-кт Д Ярмарочная,пр-д Ярмарочный,83.33
121124,Алексанжра Люкина,ул. Алексанжра Люкина,Александра Люкина,94.12
121188,СНТ Сокол сад №4,СНТ Сокол сад №4,снт Сокол сад 1,86.96
121218,Новая стройка,ул. Новая стройка,Новая Стройка,92.31
121234,Покровская,ул. Покровская,Б.Покровская,90.91
121238,Топольчанская,ул. Топольчанская,Топольная,81.82
121265,Нагорня,ул. Нагорня,Нагорная,93.33
121299,пр-кт Муррукова,пр-кт Муррукова,пр.Музрукова,88.89
121461,Даурская,ул. Даурская,Карская,80.0
121462,Ставропольский,ул. Ставропольский,Ставропольская,85.71
121637,40 лет октября,ул. 40 лет октября,40 лет Октября,92.86
121716,Чемская,ул. Чемская,Пермская,80.0
121938,ИМ. Генерала Ивлиева И.Д.,д. ИМ. Генерала Ивлиева И,Им.Генерала Ивлиева И.Д.,93.02
121974,3-я Профсоюзная,ул. 3-я Профсоюзная,Профсоюзная,84.62
122035,С.Лазо,ул. С.Лазо,Лазо,80.0
122074,Моссковское Шоссе,ш. Моссковское,Московское шоссе,95.24
122088,Кедровая,ул. Кедровая,Кадровая,87.5
122115,Малкина,ул. Малкина,Галкина,85.71
122333,ИМ Генерала Клюева,ул. ИМ Генерала Клюева,Им Генерала Клюева,94.44
122550,Комуны,ул. Комуны,Коммуны,92.31
122568,Трудовая 1-я,ул. Трудовая 1-я,Трудовая,80.0
122578,Станкостроителей,ул. Станкостроителей,Машиностроителей,81.25
122804,Мурзинская,ул. Мурзинская,Мичуринская,85.71
122828,Б Панина,ул. Б Панина,Б. Панина,94.12
123007,Социалистический,ул. Социалистический,Социалистическая,87.5
123009,Гидростроителей,ул. Гидростроителей,Гидростроительная,81.25
123024,Яранская,ул. Яранская,Ядринская,82.35
123123,Серовская,ул. Серовская,Серпуховская,85.71
123222,Беланова,ул. Беланова,Белова,85.71
123324,К. Иванова,ул. К. Иванова,В. Иванова,90.0
123695,Моссковское Ш.,ш. Моссковское,Московское шоссе,95.24
123737,им.Менделеева,ул. Им.Менделеева,Менделеева,86.96
123822,Талинская,ул. Талинская,Таллинская,94.74
123827,Комсомольская 2-я,ул. Комсомольская 2-я,Комсомольская,86.67
123868,пр-кт Ггероев,пр-кт Ггероев,пр-кт Героев,92.31
123885,тер.снт Сокол сад№3,СНТ Тер. Сокол сад№3,тер.СНТ Сокол сад№1,93.75
123921,9Северная,ул. 9Северная,Северная,94.12
123922,Красноводская,ул. Красноводская,Красногорская,84.62
123971,Федосеенко в\ч,ул. Федосеенко в\ч,Федосеенко,83.33
123989,пер. Запрудный,пер. Запрудный,пер.Западный,82.35
124055,Альхова,ул. Альхова,Ольховая,80.0
124144,б-р Юбиейный,б-р Юбиейный,Юбилейный б-р,94.12
124256,пр Созный,пр-кт Созный,пр-кт Союзный,92.31
124299,Держинского,ул. Держинского,Дзержинского,95.65
124311,перНадежды,ул. ПерНадежды,Надежды,82.35
124490,Биробижданская,ул. Биробижданская,Биробиджанская,92.86
124528,Льнозавод,ул. Льнозавод,Ленозавод,88.89
124565,Гл. Успенкского,ул. Гл. Успенкского,Гл.Успенского,92.86
124587,7-я Изумрудная,ул. 7-я Изумрудная,Изумрудная,83.33
124804,ИМ. Генерала Клюева,ул. ИМ. Генерала Клюева,Им. Генерала Клюева,94.74
124838,Коминерна,ул. Коминерна,Коминтерна,94.74
124848,Гвардецйцев,ул. Гвардецйцев,Гвардейцев,95.24
124919,Комбр. Батоличева,ул. Комбр. Батоличева,Комбрига Патоличева,83.33
125142,Ноаосоветская,ул. Ноаосоветская,Новосоветская,92.31
125205,Александра Перова,ул. Александра Перова,Александра Матросова,81.08
125224,Линда 27,ул. Линда 27,Линда-27,87.5
125269,Успенского,ул. Успенского,Гл.Успенского,86.96
125280,2-я Прокатная,ул. 2-я Прокатная,Прокатная,81.82
125289,Андрева,ул. Андрева,Андреева,93.33
125314,Ивачевская,ул. Ивачевская,Ивановская,80.0
125343,Вахтангово,ул. Вахтангово,Вахтангова,90.0
125358,пер. Керамическая,пер. Керамическая,пер.Керамический,83.33
